najiama/s6e8-addiction-lb-0-97113,S6E8 Addiction LB 0.97113,Naji,2026-08-17 04:19:11.657000,77
raykkretzschmar/why-every-s6e8-notebook-above-0-97110-overfits,Why Every S6E8 Notebook Above 0.97110 Overfits,Rayk Kretzschmar,2026-08-19 11:36:55.897000,59
mpwolke/nomobilephone-nomophobia-optuna-xgb,NoMobilePHOne(Nomophobia) Optuna XGB,Marília Prata,2026-08-01 02:04:10.653000,56
adarsh1077/s6e8-diversity-beats-strength,S6E8 Diversity Beats Strength,AdarshAleti,2026-08-19 10:46:14.163000,51
szymonkapiski/s6e8-honest-oof-blend,S6E8 honest OOF blend,Szymon Kłapiński,2026-08-04 12:42:13.953000,51
georgymamarin/s6e8-why-gaming-hours-helps-but-adds-nothing-new,S6E8: why gaming_hours helps but adds nothing new,Georgy Mamarin,2026-08-18 07:31:36.357000,46
koushikkumardinda/robust-ensembling-target-encoding-pipeline,📱 Robust Ensembling & Target Encoding Pipeline ,KOUSHIK KUMAR DINDA,2026-08-20 10:06:08.253000,44
tomasa2/s6e8-what-moved-the-score-and-what-didn-t,"S6E8: What Moved the Score, and What Didn't",tomasa2,2026-08-20 17:15:17.623000,42
vh10935cse20/mobile-addiction-lgbm,Mobile Addiction || LGBM,SARANG,2026-08-20 16:13:38.813000,37
anthonytherrien/predicting-smartphone-addict-nn-residual-network,Predicting Smartphone Addict | NN Residual Network,AnthonyTherrien,2026-08-17 10:24:55.217000,35
daniilkrasnovvv/s6e8-top-1-public-0-97099,[S6E8] TOP-1 PUBLIC 0.97099🔥🔥🔥,Krasnov Daniil,2026-08-13 06:48:43.383000,35
tamerlanomralinov/s6e8-lookup-transformer-insights-lb-0-97041,S6E8 | Lookup-Transformer + Insights lb 0.97041 ,Tamerlan Omralinov,2026-08-04 19:42:12.647000,34
kava1/predicting-smartphone-addiction-lightgbm-fe,Predicting Smartphone Addiction - Lightgbm + FE,kava1,2026-08-20 12:55:59.117000,34
omidbaghchehsaraei/hill-climbing-ensemble-for-smartphone-addiction,Hill Climbing Ensemble for Smartphone Addiction,OMID BAGHCHEH SARAEI,2026-08-19 14:15:54.797000,31
amanatar/s6e8-elite-rank-average-ensemble-0-97092,S6E8: Elite Rank Average Ensemble [0.97092],Aman Atar,2026-08-19 20:20:08.150000,30
riponce/1-public-lb-0-97068-honest-55-model-stack,🥇 #1 Public LB 0.97068 | Honest 55-Model Stack,Ripon C. Malo,2026-08-03 03:52:07.067000,28
donmarch14/s6e8-lgbm,S6E8: LGBM,Don Mani,2026-08-04 03:09:55.667000,23
nikita7364777/s6e8-rank-blend-65-35,S6E8 Rank blend (65/35),r0tor,2026-08-12 10:17:10.847000,21
donmarch14/s6e8-catboost,S6E8: CatBoost,Don Mani,2026-08-04 08:39:51.397000,21
thisray/s6e8-addiction-blend-lb-0-97117,S6E8 Addiction Blend LB 0.97117,thisray,2026-08-18 15:10:38.413000,20
rugvedbane/s6e8-13-fe-features-xgboost-optuna-0-96602,S6E8 | 13 FE Features + XGBoost + Optuna | 0.96602,Rugved Bane,2026-08-08 14:58:09.067000,20
sarveshchhetri/complete-eda-predicting-smartphone-addition,Complete EDA: Predicting Smartphone Addition,Sarvesh Chhetri,2026-08-06 16:50:10.190000,20
devashish001/predicting-smartphone-addiction,predicting-smartphone-addiction,Devashish,2026-08-19 02:51:07.273000,19
ravi20076/playgrounds6e8-public-l2stack-v1,PlaygroundS6E8|Public|L2Stack|V1,Ravi Ramakrishnan,2026-08-08 05:36:30.160000,18
ern711/contextualized-deep-univariate-spline-transformer,Contextualized Deep Univariate Spline Transformer,Ern711,2026-08-15 17:47:16.697000,17
redamountassir/s6e8-histgradientboosting-lb-0-96945,S6E8: HistGradientBoosting | LB 0.96945,Reda Mountassir,2026-08-06 08:48:17.080000,17
jek1wantaufik/predicting-smartphone-addiction,Predicting smartphone addiction,Jeki Wan Taufik,2026-08-03 08:43:25.227000,17
hamidrana/smartphone-addiction-prediction-ann,📱 Smartphone Addiction Prediction | ANN,Muhammad Hamid Raza,2026-08-02 16:10:31.970000,17
zhenruiweng/realmlp-for-predicting-smartphone-addiction,RealMLP for Predicting Smartphone Addiction,Zhenrui.Weng,2026-08-02 07:18:37.677000,17
omidbaghchehsaraei/realmlp-for-predicting-smartphone-addiction,RealMLP for Predicting Smartphone Addiction,OMID BAGHCHEH SARAEI,2026-08-01 20:26:22.647000,17
kunaldesale2408/s6e8-smartphone-addiction,S6E8 Smartphone Addiction,Kunal Desale,2026-08-19 14:19:18.113000,16
zhenruiweng/s6e8-public-lb-0-97009-single-model-realmlp,S6E8||Public LB 0.97009||Single Model RealMLP,Zhenrui.Weng,2026-08-06 16:03:45.390000,16
omidbaghchehsaraei/tabm-for-predicting-smartphone-addiction,TabM for Predicting Smartphone Addiction,OMID BAGHCHEH SARAEI,2026-08-02 00:29:45.990000,16
avikdas567/feature-engineered-gbdt-smartphone-addiction-auc,Feature-Engineered GBDT: Smartphone Addiction AUC,Avik Das,2026-08-01 12:44:48.820000,16
evgendvorkin/s6e8-single-lgb, S6E8 Single LGB,Дворкин Евгений Владимирович,2026-08-04 18:17:46.023000,16
redamountassir/s6e8-lgbm-lb-0-96965,S6E8: LGBM | LB 0.96965,Reda Mountassir,2026-08-06 08:50:09.903000,15
nawfeelrahman1124444/realmlp-0-97014,🔥RealMLP --> 0.97014 ✅,(ノ◡ <),2026-08-02 13:15:29.823000,15
vladstud716373618/s6e8-catboost-feature-ablation-600-11-best,S6E8: CatBoost Feature Ablation (600+ -> 11 best),Vlad Studennykov,2026-08-15 10:13:54.483000,14
kitopl/eda-lightgbm,【日本語】EDA + LightGBM:相関ゼロの列を捨てる前に,kito_pl,2026-08-14 11:25:23.003000,14
daniilkrasnovvv/s6e8-top-5-memes,S6E8: TOP 5% + Memes,Krasnov Daniil,2026-08-11 10:10:21.817000,13
danushkumarv/smartphone-addiction-gbm-rank-blend-nb01,Smartphone addiction GBM rank blend nb01,Danushkumar Venkadesh,2026-08-04 10:42:21.810000,13
bhaskarmishra44796/ps-s6e8-eda-xgb-lgbm-ensemble,PS:S6E8 EDA+ XGB LGBM Ensemble,Korty,2026-08-20 16:02:58.807000,12
cv13j0/smartphone-addiction,Smartphone Addiction,C4rl05/V,2026-08-04 01:13:34.227000,12
mikhailnaumov/smartphone-addiction-xgb,Smartphone Addiction | XGB,Mikhail Naumov,2026-08-20 06:18:37.583000,12
souvikdbiswas/mobile-addiction-0-965-lgbm-xgb-ensemble,Mobile Addiction |0.965+| LGBM & XGB Ensemble,Souvik_D_Biswas,2026-08-15 19:07:06.020000,11
mubashirulhassan00/predicting-smartphone-addiction-s6e8-auc-0-96,Predicting Smartphone Addiction | S6E8 | AUC 0.96,Mubashir Ul Hassan,2026-08-11 23:04:57.687000,11
lucifer19/smartaddict-oof-signal-forge,🧠⚡ SmartAddict — OOF Signal Forge ,Krizsó Gergely,2026-08-07 14:04:59.853000,11
anhadmahajan06/s6e8-u-smart-phone-addict,S6E8 | U Smart Phone Addict?,Anhad Mahajan,2026-08-10 14:14:08.430000,11
omidbaghchehsaraei/xgboost-for-predicting-smartphone-addiction,XGBoost for Predicting Smartphone Addiction,OMID BAGHCHEH SARAEI,2026-08-01 16:51:54.840000,11
pavloivanin/predicting-smartphone-addiction-eda, 📱 Predicting Smartphone Addiction - EDA ,Pavlo Ivanin,2026-08-01 00:41:37.757000,11
daniilkrasnovvv/s6e8-current-best-open-solution-memes-2,[S6E8] - Current best open solution + Memes #2🔥,Krasnov Daniil,2026-08-13 06:46:49.613000,10
rauffauzanrambe/s6e8-technology-addiction-lb-0-97092-prime,S6E8 Technology Addiction LB 0.97092 Prime 🔥,Ra'uf Fauzan Rambe,2026-08-10 04:38:12.380000,10
georgymamarin/three-of-seven-s6-boards-erased-the-public-top-ten,Three of seven S6 boards erased the public top ten,Georgy Mamarin,2026-08-17 19:33:36.717000,10
hamidrana/preprocessing-dataset,Preprocessing DataSet,Muhammad Hamid Raza,2026-08-03 14:39:19.793000,10
santosh1974/s6-e8-eda,S6:E8|EDA,Santosh Vaidya,2026-08-01 14:54:34.567000,10
tuannm3812/smartphone-addiction-eda,Smartphone Addiction - EDA,tuannm3812,2026-08-01 14:01:19.273000,10
yajatpawar/behind-the-screen-deep-eda-lgbm-baseline,Behind the Screen: Deep EDA + LGBM Baseline,YAJAT PAWAR,2026-08-01 07:59:36.920000,10
riyaraj9/s6e8-smartphone-addiction-prediction-ml-model,S6E8:Smartphone addiction Prediction -ML model ,Riya Raj,2026-08-04 06:58:36.407000,10
pavloivanin/baseline,🚀 Baseline,Pavlo Ivanin,2026-08-02 00:11:31.987000,10
ern711/multi-level-deep-univariate-spline-transformer,Multi-Level Deep Univariate Spline Transformer,Ern711,2026-08-17 12:50:43.153000,9
sarveshchhetri/triple-ensemble-lightgbm-xgboost-catboost,Triple Ensemble: LightGBM + XGBoost + CatBoost,Sarvesh Chhetri,2026-08-18 16:37:10.137000,9
shayanzk/smartphone-addiction-a-statistical-deep-dive,Smartphone Addiction — A Statistical Deep Dive,Shayan Zulfiqar,2026-08-12 07:06:16.313000,9
lopure/hdviz-pca-parallel-with-linear-svm,HDViz(PCA+ Parallel) with Linear SVM,Who am I?,2026-08-14 12:15:13.077000,9
muhammadshoaibaltaf/predicting-smartphone-addiction-playground-s6e8,Predicting Smartphone Addiction — Playground S6E8,Muhammad Shoaib Altaf,2026-08-10 15:52:52.517000,9
jimgruman/addiction,📱Addiction,Jim Gruman,2026-08-13 20:02:48.240000,9
mohankrishnathalla/s6e8-xgb-tuner-oof-saver,S6E8 | XGB Tuner | OOF Saver,Mohan Krishna Thalla,2026-08-15 06:55:30.727000,9
factualexplorer/baseline-lgbm-xgb-cb-rank-averaged-oof-tuned,"Baseline:LGBM+XGB+CB, Rank Averaged OOF-tuned",Factual Explorer,2026-08-19 08:27:46.867000,9
thuandao/smartphone-addiction,📱 Smartphone Addiction ⚠️,Đào Minh Thuấn 🎖️,2026-08-15 15:07:30.630000,9
johnsebin97/j-s-sfa-2-2,J's SFA 2.2,SebinChristo,2026-08-20 07:47:01.237000,8
vishal567/smartphone-addiction-signal-or-shortcut,Smartphone Addiction: Signal or Shortcut?,Vishal Khomane,2026-08-12 10:31:45.337000,8
kodaifukuda0311/s6e8-xgb-the-power-of-exact-value-te-fe,S6E8 | XGB: The Power of Exact-Value TE & FE,Kodai Fukuda,2026-08-17 06:04:32.647000,8
sarveshchhetri/the-lookup-key-trick-minus-the-neural-net,"The Lookup-Key Trick, Minus the Neural Net",Sarvesh Chhetri,2026-08-13 15:58:25.253000,8
stephentarter/ps-s06e08-lightgbm,PS-S06E08: LightGBM,Stephen Tarter,2026-08-20 12:27:12.803000,8
omidbaghchehsaraei/ft-transformer-for-predicting-smartphone-addiction,FT-Transformer for Predicting Smartphone Addiction,OMID BAGHCHEH SARAEI,2026-08-02 14:01:13.360000,8
szymonkapiski/s6e8-tabm-with-constrained-imputation,S6E8 TabM with constrained imputation,Szymon Kłapiński,2026-08-02 11:47:27.650000,8
omidbaghchehsaraei/tabnet-for-predicting-smartphone-addiction,TabNet for Predicting Smartphone Addiction,OMID BAGHCHEH SARAEI,2026-08-02 10:22:35.303000,8
stephentarter/ps-s06e08-experiment-setup,ps_s06e08_experiment_setup,Stephen Tarter,2026-08-15 21:36:58.827000,8
tracyporter/play-6-8-catboost-proba,Play 6.8 catboost proba,Tracy Porter,2026-08-02 16:28:49.517000,8
mdabdulalhasib/let-s-do-some-eda-and-deep-learning-and-blending,Let's do some EDA and deep learning and blending!,Md Abdul Al Hasib,2026-08-02 13:14:24.823000,8
ravi20076/playgrounds6e8-eda-v1,PlaygroundS6E8|EDA|V1,Ravi Ramakrishnan,2026-08-01 02:36:18.977000,8
yadoy666/177-member-diversity-stack-with-gpu-acceleration,177-Member Diversity Stack with GPU Acceleration,Suharyadi,2026-08-17 05:18:49.103000,7
omidbaghchehsaraei/cnn-for-predicting-smartphone-addiction,CNN for Predicting Smartphone Addiction,OMID BAGHCHEH SARAEI,2026-08-16 10:37:07.743000,7
adarsh1077/s6e8-complete-walkthrough-eda-to-stacking,S6E8 Complete Walkthrough EDA to Stacking,AdarshAleti,2026-08-16 07:36:57.860000,7
souvikdbiswas/s6e8-stop-wasting-hours-on-optuna-score-in-minute,S6E8: Stop wasting hours on Optuna:Score in Minute,Souvik_D_Biswas,2026-08-15 09:41:48.143000,7
gentralgresham/predicting-smartphone-addiction,Predicting_Smartphone_Addiction,Gentral Gresham,2026-08-17 22:16:10.730000,7
zeusgod230/mobile-addiction-notebook,Mobile_Addiction_notebook,Anshraj Gupta,2026-08-12 09:05:51.793000,7
mhamza0810/s6e8-single-model-fe-cv-0-96947,S6E8: single model fe (CV-0.96947),hamzah,2026-08-05 15:25:55.827000,7
kospintr/smartphone-stacked-hgbc-catb-xgb-lgbm-baseline,Smartphone| Stacked HGBC/CatB/XGB/LGBM | Baseline,Ákos Pintér,2026-08-05 08:20:55.553000,7
lucifer19/behaviorpulse-high-signal-boosting,🎯🚀 BehaviorPulse — High-Signal Boosting 🐈‍⬛,Krizsó Gergely,2026-08-03 08:00:04.907000,7
omidbaghchehsaraei/catboost-for-predicting-smartphone-addiction,CatBoost for Predicting Smartphone Addiction,OMID BAGHCHEH SARAEI,2026-08-02 18:01:17,7
sidhaarthshree/lightgbm-ensemble-based-on-eda,LightGBM + Ensemble (Based on EDA),SIDHAARTH SHREE,2026-08-04 06:10:30.187000,7
stephentarter/ps-s06e08-eda,PS-S06E08: EDA ,Stephen Tarter,2026-08-15 21:44:24.853000,7
szymonkapiski/s6e8-smartphone-addiction-full-solution,S6E8 Smartphone Addiction full solution,Szymon Kłapiński,2026-08-01 14:46:52.223000,7
pkmisra/predicting-smartphone-addiction-lgbm-and-cb-v1,Predicting smartphone addiction LGBM and CB v1,Peeyush Kant Misra,2026-08-01 16:21:08.217000,7
mohankrishnathalla/s6e8-catboost-tuner-oof-saver,S6E8 | CatBoost Tuner | OOF Saver,Mohan Krishna Thalla,2026-08-15 07:01:38.063000,7
muhammadf4h33m/eda-fe-predicting-smartphone-addiction,EDA & FE | Predicting Smartphone Addiction,Muhammad Faheem,2026-08-07 06:58:53.353000,7
rugvedbane/smartphone-addiction-prediction-complete-eda,Smartphone Addiction Prediction | Complete EDA,Rugved Bane,2026-08-01 09:25:08.050000,7
rohit4468/ensemble-xgb-cat-lgbm-s6-e8,Ensemble | XGB | CAT | LGBM S6|E8,Rohit Kumar,2026-08-10 06:49:07.953000,7
gauravduttaiiitb/s6e8-autoviz,S6E8 : Autoviz,Gaurav Dutta,2026-08-01 00:51:28.263000,7
wellkilo/s6e8-evidence-first-soft-student-blend,S6E8 Evidence-First Soft-Student Blend,sssskilo,2026-08-20 05:00:28.173000,6
kitopl/max-bin,【日本語】max_bin の最適値は値の種類の数で決まる,kito_pl,2026-08-18 14:11:34.400000,6
priyamsaha17/predicting-smartphone-addiction-v1,Predicting Smartphone Addiction - V1,Priyam Saha,2026-08-11 10:04:17.657000,6
dariushafshar/lb-0-97055-vs-0-97086-the-level-2-member-trap,LB 0.97055 vs 0.97086: the level-2 member trap,Dariush Afshar,2026-08-09 05:22:56.790000,6
nikita7364777/smartphone-addiction-notebook,Smartphone Addiction Notebook,r0tor,2026-08-13 12:18:28.573000,6
dariushafshar/everything-above-0-970-is-inside-the-noise-floor,Everything above 0.970 is inside the noise floor,Dariush Afshar,2026-08-06 22:06:17.340000,6
boltuzamaki/stacking-47-models-public-lb-0-97073,Stacking 47 Models | Public LB 0.97073,Boltuzamaki,2026-08-06 18:45:34.700000,6
nekkon/s6e8-a-quarter-of-the-rows-cannot-exist,S6E8: a quarter of the rows cannot exist,Luka Duvanov,2026-08-06 10:07:14.893000,6
rustambhadouriya/mobile-phone-addiction-xgboost-v1-v2,Mobile Phone Addiction XGBoost v1 & v2,ItzRustam,2026-08-06 10:18:08.467000,6
stephentarter/ps-s06e08-catboost,PS-S06E08: CatBoost,Stephen Tarter,2026-08-19 21:12:53.740000,6
sofiagilka/s6e8-eda-xgb-lgb-catboost,S6E8 | EDA | XGB + LGB + CatBoost,Sofia_Gilka,2026-08-08 08:48:16.357000,6
anhadmahajan06/s6e8-smartphone-addiction-ceiling-breaker,S6E8 |  Smartphone Addiction Ceiling Breaker,Anhad Mahajan,2026-08-10 14:15:49.557000,6
stephentarter/ps-s06e08-xgboost,PS-S06E08: XGBoost,Stephen Tarter,2026-08-17 17:37:58.450000,6
waquarahmed1/t-sne-of-data,t-sNE of Data,WAQUAR AHMED,2026-08-03 11:18:49.157000,6
stpeteishii/smartphone-additcion-randomforest,Smartphone Additcion RandomForest,stpete_ishii,2026-08-03 14:11:52.540000,6
sadamtorres/predicting-smartphone-addiction-v2,Predicting Smartphone Addiction V2,Sadam Torres,2026-08-02 23:30:44,6
mmalam/eda-beginner,EDA - Beginner,Mutahar,2026-08-02 09:40:42.340000,6
tuannm3812/smartphone-addiction-baseline-modeling,Smartphone Addiction - Baseline Modeling,tuannm3812,2026-08-05 14:06:21.933000,6
sadamtorres/smartphone-addiction-bl,smartphone_addiction | BL,Sadam Torres,2026-08-02 03:11:48.857000,6
yunsuxiaozi/agent-in-pss6e8-cv-0-9623,Agent in PSS6E8 cv:0.9623,yunsuxiaozi,2026-08-01 13:17:51.070000,6
sanjaybora143/phone-addiction-multi-models,Phone Addiction | Multi Models,Sanjay Bora,2026-08-02 13:19:29.600000,6
ravi20076/playgrounds6e8-datacollation-v1,PlaygroundS6E8|DataCollation|V1,Ravi Ramakrishnan,2026-08-08 05:33:09.393000,6
gauravduttaiiitb/s6e8-lazypredict,S6E8 : Lazypredict,Gaurav Dutta,2026-08-01 00:14:32.040000,6
reyhanksatria/blend-public-weights-0-97117-lb,blend public weights: 0.97117 LB,Reyhan Ksatria,2026-08-18 21:17:12.167000,5
nikita7364777/rank-gauss-logit-rank-blending,Rank-Gauss + logit-rank blending,r0tor,2026-08-20 10:11:56.303000,5
yadoy666/94-verified-oof-gpu-accelerated-meta-stack,94 Verified OOF GPU-Accelerated Meta Stack,Suharyadi,2026-08-17 04:32:38.960000,5
souvikdbiswas/s6e8-quit-wasting-4-hours-on-training-0-95-in-25,S6E8:Quit wasting 4 hours on training: 0.95+ in 25,Souvik_D_Biswas,2026-08-15 12:04:26.317000,5
maheshmunnuru/phone-addiciton-model-under-5-minutes,PHONE_ADDICITON_MODEL_UNDER_5_MINUTES,Mahesh Munnuru,2026-08-15 07:30:25.527000,5
rishikeshpaul/explore-smartphone-addiction-data,Explore Smartphone Addiction Data,Rishikesh Paul,2026-08-17 06:58:01.097000,5
vishal567/3-features-vs-everything-minimalism-lost,3 Features vs Everything: Minimalism Lost?,Vishal Khomane,2026-08-12 10:52:32.817000,5
helenylmaz/smartphone-addiction-prediction,Smartphone Addiction prediction,Helen,2026-08-14 13:57:09.763000,5
sdeogade/predicting-smartphone-addiction,Predicting Smartphone Addiction 📞📱,Sahil Deogade,2026-08-13 13:11:36.280000,5
nurasylserikov/3-boosters-bagged-baseline-cv-0-96969,3 boosters bagged Baseline | CV 0.96969,Nurasik12,2026-08-15 06:10:16.100000,5
engineerfrabbi/predicting-smartphone-addiction,Predicting Smartphone Addiction,Shah Muhmmad Fazle Rabbi,2026-08-06 08:07:37.547000,5
omidbaghchehsaraei/flaml-xgboost-for-predicting-smartphone-addiction,FLAML[XGBoost] for Predicting Smartphone Addiction,OMID BAGHCHEH SARAEI,2026-08-04 16:30:26.307000,5
santoshyadavaiexpert/smartphone-addiction-prediction,Smartphone_Addiction_Prediction,Santosh Yadav,2026-08-04 06:41:25.693000,5
animeguylrn/submissions-playground-series-s6e8,Submissions Playground Series - S6E8,Paras Gaur,2026-08-09 13:02:51.810000,5
abdullahsafwan333/s6e8-realmlp-sap,S6E8: RealMLP | SAP,AbdullahSafwan333,2026-08-03 01:16:36.017000,5
christopherarzate/predicting-smartphone-addiction,Predicting Smartphone Addiction ,Christopher Arzate-Benitez,2026-08-14 02:21:30.103000,5
shubhamphapale/from-scratch-predicting-smartphone-addiction,From Scratch | Predicting Smartphone Addiction,Shubham Phapale,2026-08-02 17:57:09.903000,5
abdullahsafwan333/s6e8-catboost-sap,S6E8: CatBoost | SAP,AbdullahSafwan333,2026-08-02 15:00:29.007000,5
sudhanshu3112/smartphone-addiction-dashboard-visual-analys,📱 Smartphone Addiction: Dashboard & Visual Analys,Sudhanshu Singh,2026-08-02 18:44:38.347000,5
omidbaghchehsaraei/resnet-for-predicting-smartphone-addiction,ResNet for Predicting Smartphone Addiction,OMID BAGHCHEH SARAEI,2026-08-02 02:42:19.587000,5
tahazarei/predicting-smartphone-addiction-with-lightgbm,Predicting Smartphone Addiction with LightGBM,Taha Zarei,2026-08-01 17:49:57.510000,5
odvut1/predict-phone-addiction,Predict Phone📱 Addiction 📵 ,Muhammad Hamim Islam,2026-08-14 10:19:57.237000,5
nursrijan/predicting-smartphone-addiction-ensemble-baseline,Predicting Smartphone Addiction: Ensemble Baseline,Nur Srijan,2026-08-01 05:10:16.930000,5
ravi20076/playgrounds6e8-public-imports-v1,PlaygroundS6E8|Public|Imports|V1,Ravi Ramakrishnan,2026-08-01 07:02:49.010000,5
dedquoc/global-trends-ml-analysis-top-1,Global Trends & ML Analysis (Top 1%),De DQ,2026-08-20 04:15:32.523000,4
slowlearnermack/screen-time-doesn-t-add-up-s6e8,📱 Screen Time Doesn't Add Up | S6E8,Mukesh Bhandarkar,2026-08-19 13:50:55.960000,4
alexchilton/your-cv-gain-is-probably-noise,Your CV gain is probably noise,alex chilton,2026-08-19 09:11:11.360000,4
tamerlanomralinov/s6e8-best-blend-from-tamerlan,S6E8 best blend from Tamerlan,Tamerlan Omralinov,2026-08-19 07:26:25.283000,4
seungjunleeofficial/s6e8-blending-notebook,S6E8_blending_notebook,Seungjun Lee,2026-08-17 02:29:28.523000,4
omidbaghchehsaraei/tabtransformer-predicting-smartphone-addiction,TabTransformer : Predicting Smartphone Addiction,OMID BAGHCHEH SARAEI,2026-08-16 17:05:34.067000,4
najiama/where-does-the-0-97101-nn-score-really-come-from,Where does the 0.97101 NN score really come from,Naji,2026-08-15 16:09:27.357000,4
sarveshchhetri/zero-extra-libraries-one-model,"Zero Extra Libraries, One Model",Sarvesh Chhetri,2026-08-18 16:11:59.807000,4
sankalpnagineni/lgbm-xgboost-rank-blend-s6e8-baseline,LGBM + XGBoost Rank Blend | S6E8 Baseline,Sankalp Nagineni,2026-08-10 16:06:55.443000,4
chakrabhuanavdeva/smartphone-prediction-ffa-model,Smartphone-Prediction-FFA-Model,Chakrabhuana V  Deva,2026-08-09 11:08:59.240000,4
z4y4zz/baselinexgb-playgrounds6e8,BaselineXGB - PlaygroundS6E8 ,Nayan Pal,2026-08-09 08:26:19.363000,4
xuanxuan496/smartphone-addiction-feature-distribution,Smartphone Addiction - Feature distribution,xuanxuan496,2026-08-08 02:08:48.753000,4
beicicc/s6e8-aug-6-fixed-schedule-lookup-audit,S6E8 Aug 6 Fixed-Schedule Lookup Audit,Kun Zhang,2026-08-09 05:56:35.233000,4
dynamo14324/s6e8-smartphone-addiction-eda-lgbm-optuna,S6E8: Smartphone Addiction - EDA + LGBM + Optuna,Yogesh Jadhav,2026-08-05 06:58:55.530000,4
echloeprice/phone-addict,phone addict,E散人chloeprice,2026-08-12 09:15:29.507000,4
boltuzamaki/single-lightgbm-target-encoding-no-model-blend,Single LightGBM + Target Encoding (No Model Blend),Boltuzamaki,2026-08-04 17:47:40.577000,4
szymonkapiski/s6e8-full-lattice-target-encoding-with-xgboost,S6E8 full lattice target encoding with XGBoost,Szymon Kłapiński,2026-08-04 13:00:11.987000,4
dariushafshar/the-leakage-test-that-can-t-detect-leakage,The leakage test that can't detect leakage,Dariush Afshar,2026-08-04 07:36:51.260000,4
sa4444/predicting-smartphone-addiction-xgboost,Predicting Smartphone Addiction-XGBoost,Sash,2026-08-13 19:19:13.237000,4
nickkatsarelas/baseline-s6e8,Baseline | S6E8,Nick,2026-08-03 23:53:15.250000,4
sidhaarthshree/playground-s6e8-complete-eda,Playground S6E8: Complete EDA,SIDHAARTH SHREE,2026-08-02 09:30:46.973000,4
gauravduttaiiitb/ex99-org-s6e8-fe-flaml-roc-auc,Ex99: Org+S6E8 : FE : FLAML : roc_auc,Gaurav Dutta,2026-08-02 07:45:58.600000,4
pratishchaudhary/smartphone-addiction,smartphone_addiction,Pratish Chaudhary,2026-08-04 12:14:15.697000,4
amri11/predicting-smartphone-addiction-prob,Predicting Smartphone Addiction Prob,Muh Amri Sidiq,2026-08-02 03:37:52.800000,4
busyaprime/s6e8-tabular-baseline-that-autodetects-the-task,S6E8 tabular baseline that autodetects the task,Busya PRIME,2026-08-01 11:58:27.010000,4
mohankrishnathalla/s6e8-lgb-dart-tuner-oof-saver,S6E8 | LGB + DART Tuner | OOF Saver,Mohan Krishna Thalla,2026-08-15 06:02:26.467000,4
gauravduttaiiitb/ex2-s6e8-flaml-roc-auc,Ex2: S6E8 : FLAML : roc_auc,Gaurav Dutta,2026-08-01 17:17:56.873000,4
ebktas/catboost-missingness-experiments-5-fold-roc-auc,CatBoost Missingness Experiments — 5-Fold ROC AUC ,Emre Bektas,2026-08-01 10:41:42.927000,4
anthonytherrien/s6e8-lgbm-xgb-catboost-stack,S6E8 | LGBM + XGB + CatBoost Stack,AnthonyTherrien,2026-08-02 19:21:09.193000,4
masakane/s6e8-eda-baseline-lightgbm,[S6E8] EDA & Baseline LightGBM 📱,masahiro,2026-08-01 08:28:49.213000,4
ebktas/deep-eda-problematic-digital-use,Deep EDA — Problematic Digital Use 👾,Emre Bektas,2026-08-01 09:14:37.857000,4
ravi20076/playgrounds6e8-public-baseline-v2,PlaygroundS6E8|Public|Baseline|V2,Ravi Ramakrishnan,2026-08-01 07:32:09.843000,4
ravi20076/playgrounds6e8-public-baseline-v1,PlaygroundS6E8|Public|Baseline|V1,Ravi Ramakrishnan,2026-08-01 07:32:56.340000,4
gauravduttaiiitb/s6e8-pseudo-autogluon-medium-quality,S6E8+Pseudo : Autogluon : medium_quality,Gaurav Dutta,2026-08-01 06:39:11.303000,4
gauravduttaiiitb/org-s6e8-lazypredict,Org+S6E8 : Lazypredict,Gaurav Dutta,2026-08-01 06:31:03.647000,4
gauravduttaiiitb/s6e8-flaml-roc-auc,S6E8 : FLAML : roc_auc,Gaurav Dutta,2026-08-01 01:13:15.123000,4
gauravduttaiiitb/s6e8-autogluon-optimize-for-deployment,S6E8 : Autogluon : optimize_for_deployment,Gaurav Dutta,2026-08-01 00:33:08.007000,4
torrreeesss/addiction-eda-and-pred-using-mice-fore-and-lgbm,📱addiction EDA and Pred using MICE fore. and LGBM,torrreeesss,2026-08-04 22:14:41.803000,4
alexchilton/four-eda-checks-that-change-what-you-model,Four EDA checks that change what you model,alex chilton,2026-08-19 09:54:29.770000,3
yarukikun/jyama,jyama_初心者チュートリアル自分用,jyama,2026-08-19 04:19:13.893000,3
dhananjayprajapati11/the-hidden-patterns-behind-smartphone-addiction,The Hidden Patterns Behind Smartphone Addiction,Dhananjay Prajapati,2026-08-19 11:17:43.387000,3
daniilkrasnovvv/best-current-open-solution-memes-part-3,Best current open solution + Memes part 3,Krasnov Daniil,2026-08-17 08:27:52.937000,3
direcm/s6e8-top-30-diversity-stack-rank-blend,S6E8 Top 30 | Diversity Stack + Rank Blend,Direc M,2026-08-17 06:54:06.097000,3
yusufmurtaza01/s6e8-eda,S6E8|EDA,Yusuf Murtaza,2026-08-15 11:32:42.730000,3
benedictusryugunawan/s6e8-realmlp-approach,S6E8 | RealMLP Approach,Benedictus Ryu Gunawan,2026-08-13 12:36:01.757000,3
maheshmunnuru/eda-blueprint-for-classification-problems,EDA_BLUEPRINT_FOR_CLASSIFICATION_PROBLEMS,Mahesh Munnuru,2026-08-13 10:45:32.863000,3
zisanferzin/predicting-smartphone-addiction-competition-s1,Predicting Smartphone Addiction Competition S1,Zişan Ferzin YALÇIN,2026-08-13 09:21:16.770000,3
lalit7881/predicting-smartphone-addiction-xgb,Predicting Smartphone Addiction Xgb,Lalit sonawane,2026-08-13 06:45:03.347000,3
timofeyyyyyy/baseline-prediction-with-lightgbm-and-eda,baseline prediction with lightgbm and eda,Timofey Kravchenko,2026-08-12 19:35:24.473000,3
mdnaimislam165436/predicting-smartphone-addiction,Predicting Smartphone Addiction,Md Naim,2026-08-12 12:11:20.317000,3
valentinemwai/predicting-smartphone-addiction-xgboost-model,Predicting Smartphone Addiction- XGBOOST Model,valentine mwai,2026-08-10 10:09:48.433000,3
echloeprice/phone-addiction-prediction,phone addiction prediction,E散人chloeprice,2026-08-09 16:40:34.990000,3
tsubasacat/s6e8-smartphone-addiction-gbdt-ensemble-pipeline,S6E8 | Smartphone Addiction GBDT Ensemble Pipeline,tsubasacat,2026-08-09 15:08:34.813000,3
obiaf88/predicting-smartphone-addiction-pytorch,Predicting Smartphone Addiction - PyTorch,De Marchi Fabio,2026-08-18 14:24:39.213000,3
narendra2809/tps-s6e8-gpu-ensemble-complete-eda-auc-0-9659,TPS S6E8|GPU Ensemble(Complete EDA)|AUC 0.9659🏆,Narendra2809,2026-08-08 10:19:57.077000,3
gauravduttaiiitb/ex1-s6e8-flaml-macro-f1,Ex1 : S6E8 : FLAML : macro_f1,Gaurav Dutta,2026-08-08 06:42:01.957000,3
anujsaha0123456789/s6e8-lgbm-xgb-catboost-blend-0-9656-lb,S6E8: LGBM+XGB+CatBoost Blend (0.9656 LB),Anuj Saha,2026-08-07 20:39:04.880000,3
narendra2809/tps-s6e8-gpu-ensemble-eda-auc-0-965,TPS S6E8 | GPU Ensemble + EDA| AUC 0.965 🏆,Narendra2809,2026-08-08 03:04:56.157000,3
nekkon/changing-the-seed-moves-you-60-places,Changing the seed moves you 60 places,Luka Duvanov,2026-08-06 10:38:51.727000,3
dynamo14324/s6e8-ultimate-ensemble-stacking-50-models,S6E8 Ultimate Ensemble Stacking 50 Models,Yogesh Jadhav,2026-08-07 04:49:18.640000,3
dynamo14324/digital-addiction-deep-eda-insights-s6e8,📱 Digital Addiction: Deep EDA & Insights (S6E8),Yogesh Jadhav,2026-08-05 08:59:47.203000,3
psychocoderxd/s6e8-stop-grinding-free-0-97085-in-15-min,S6E8: Stop grinding. Free 0.97085 in 15 min.,Fedor Alifanov,2026-08-06 14:12:56.310000,3
stpeteishii/smartphone-additcion-lgbm,Smartphone Additcion LGBM,stpete_ishii,2026-08-04 10:31:27.603000,3
zhukovoleksiy/ps6e8-eda-feature-engineering-pipeline,PS6E8 | EDA + Feature Engineering Pipeline,Oleksii Zhukov,2026-08-17 05:40:58.180000,3
sreekar2828/smart-phone-additcion-comp,smart_phone_additcion_comp,Sreekar2828.,2026-08-04 06:15:41.067000,3
dionisiusserafs/s6e8-eda-histogram-gradient-boosting-0-95862,S6E8 | EDA + Histogram Gradient Boosting | 0.95862,cctr,2026-08-04 04:39:53.263000,3
omidbaghchehsaraei/flaml-lgbm-for-predicting-smartphone-addiction,FLAML[LGBM] for Predicting Smartphone Addiction,OMID BAGHCHEH SARAEI,2026-08-03 15:14:39.610000,3
stephentarter/ps-s06e08-feature-engineering,ps_s06e08_feature_engineering,Stephen Tarter,2026-08-19 21:11:51.427000,3
busyaprime/how-the-s6e8-generator-reshaped-the-rules,How the S6E8 generator reshaped the rules,Busya PRIME,2026-08-02 23:49:26.117000,3
abdullahsafwan333/s6e8-lightgbm-sap,S6E8: LightGBM | SAP,AbdullahSafwan333,2026-08-02 15:20:01.123000,3
abdullahsafwan333/s6e8-xgboost-sap,S6E8: XGBoost | SAP,AbdullahSafwan333,2026-08-02 15:09:39.817000,3
abdullahsafwan333/s6e8-complete-eda-insights-sap,S6E8: Complete EDA & Insights | SAP,AbdullahSafwan333,2026-08-02 14:49:27.453000,3
sunixliu/stacking-ensemble,Stacking Ensemble,Sunix Liu,2026-08-02 13:56:31.503000,3
abhishekgupta56447/smartphone-addiction-prediction-roc-auc-0-96547,Smartphone Addiction Prediction | ROC AUC 0.96547,Abhishek Gupta,2026-08-08 05:25:03.960000,3
gauravduttaiiitb/ex99-fe-s6e8-flaml-roc-auc, Ex99: FE+S6E8 : FLAML : roc_auc,Gaurav Dutta,2026-08-02 06:25:13.987000,3
abdelmoujib/0-91953-score-with-logistic-regression,0.91953 score with Logistic Regression,abd el moujib,2026-08-05 14:30:46.790000,3
stephentarter/ps-s06e08-data-visualization,ps_s06e08_data_visualization,Stephen Tarter,2026-08-01 21:58:15.077000,3
dnyaneshbharambe/addiction-lgb-xgb-cat-ensemble,addiction-lgb-xgb-cat-ensemble,Dnyanesh,2026-08-01 18:14:20.860000,3
santosh1974/s6-e8-lightgbm-5fold-baseline-roc-auc,S6:E8|LightGBM_5Fold_Baseline_ROC_AUC,Santosh Vaidya,2026-08-01 15:14:49.993000,3
rohandsouza003/xgboost-vs-catboost-which-performs-better-play,XGBoost vs CatBoost: Which Performs Better? | Play,Rohan Dsouza,2026-08-01 14:13:06.057000,3
mdshafayeturrahman/predicting-smartphone-addiction,Predicting Smartphone Addiction,MD Shafayetur Rahman,2026-08-05 08:14:38.467000,3
gauravduttaiiitb/ex1-s6e8-flaml-ap,Ex1 : S6E8 : FLAML : ap,Gaurav Dutta,2026-08-01 11:05:30.887000,3
gauravduttaiiitb/ex1-s6e8-flaml-log-loss,Ex1 : S6E8 : FLAML : log_loss,Gaurav Dutta,2026-08-01 11:03:30.680000,3
gauravduttaiiitb/ex1-s6e8-flaml-accuracy,Ex1 : S6E8 : FLAML : accuracy,Gaurav Dutta,2026-08-01 11:00:49.840000,3
gauravduttaiiitb/ex1-s6e8-flaml-roc-auc-weighted,Ex1 : S6E8 : FLAML : roc_auc_weighted,Gaurav Dutta,2026-08-01 10:59:27.903000,3
navazshfathi/predicting-smartphone-addiction,Predicting Smartphone Addiction,navazsh fathi,2026-08-03 16:59:51.830000,3
harwindersingh766/ps-s6e8-eda,PS S6E8: EDA,harwinder_singh_766,2026-08-02 06:05:39.253000,3
atifkhan12/smartphone-addiction,smartphone addiction,Muhammad Atif,2026-08-19 06:26:07.077000,3
gopikrishnan2005/s6e8-cat-lgbm-xgb,S6E8 || CAT + LGBM + XGB,Gopi Krishnan R,2026-08-01 07:38:06.180000,3
gauravduttaiiitb/s6e8-mljar-0-96531,S6E8  : MLJar : 0.96531,Gaurav Dutta,2026-08-01 05:53:13.500000,3
mohankrishnathalla/s6e8-eda-base-smartphone-addiction-auc-0-96,S6E8 | EDA → Base |Smartphone Addiction AUC:0.96+,Mohan Krishna Thalla,2026-08-01 04:37:53.710000,3
nirmalpatel02/multi-seed-lgbm-fe-cv-ensemble-s6e8,Multi-Seed LGBM+ FE + CV Ensemble | S6E8,Nirmal Patel,2026-08-03 13:14:04.440000,3
gauravduttaiiitb/ex1-s6e8-flaml-roc-auc,Ex1 : S6E8 : FLAML : roc_auc,Gaurav Dutta,2026-08-01 01:24:05.677000,3
gauravduttaiiitb/s6e8-autogluon-good-quality,S6E8 : Autogluon : good_quality,Gaurav Dutta,2026-08-01 01:20:15.427000,3
gauravduttaiiitb/s6e8-autogluon-medium-quality,S6E8 : Autogluon : medium_quality,Gaurav Dutta,2026-08-01 01:18:18.220000,3
adarsh1077/s6e8-my-best-cv-model-scored-worse-on-the-lb,S6E8 My Best CV Model Scored Worse on the LB,AdarshAleti,2026-08-20 12:56:30.523000,2
dariushafshar/how-much-does-one-more-model-buy-you-lb-97109,How Much Does One More Model Buy You? LB .97109,Dariush Afshar,2026-08-19 05:20:40.787000,2
kitopl/stacking-lb-0-969,【日本語】stacking に必要なのは強さではなく違い(LB 0.969),kito_pl,2026-08-19 02:27:40.243000,2
ananyamaurya/predicting-smartphone-addiction,Predicting Smartphone Addiction,Ananya Maurya,2026-08-18 07:36:58.257000,2
francescoliveras/playground-s6e8-smartphone-addiction,playground  😯s6e8😯 smartphone-addiction,Francesc Oliveras,2026-08-18 11:05:37.600000,2
lavanyabacche/predicting-smartphone-addiction-01,Predicting Smartphone Addiction 01,Lavanya Bacche,2026-08-18 08:47:02.740000,2
ojaspadhye/smartphoneaddiction-bit,SmartPhoneAddiction Bit,Ojas padhye,2026-08-19 09:09:35.417000,2
alpharapto/smartphones-prediction,SmartPhones Prediction,Naman Jain,2026-08-19 07:36:37.223000,2
lavanyabacche/predicting-mobile-addiction-0011,Predicting mobile addiction 0011,Lavanya Bacche,2026-08-16 15:02:55.177000,2
yusufmurtaza01/s6e8-analytics,s6e8| Analytics,Yusuf Murtaza,2026-08-15 11:36:22.923000,2
maximolorenzoylosada/the-oof-that-passes-every-leakage-test,The OOF That Passes Every Leakage Test,maximo lorenzo y losada,2026-08-15 00:16:24.397000,2
charlottetu/predicting-smart-phone-addiction,Predicting smart phone addiction,charlotteamy,2026-08-14 15:15:51.500000,2
shivamgravity/pgs-s6e8-baseline-logistic-regression,pgs-s6e8-baseline-logistic-regression,Shivam,2026-08-14 10:15:10.847000,2
kitopl/max-bin-raise-it-to-your-distinct-value-count,max_bin: raise it to your distinct-value count,kito_pl,2026-08-18 14:11:36.843000,2
tejaswagupta/predicting-smartphone-addiction,Predicting Smartphone Addiction,Tejaswa Gupta,2026-08-14 05:25:02.887000,2
raccoon2/smartphone-addiction-prediction-ensemble-stacking,Smartphone Addiction Prediction: Ensemble Stacking,Raccoon2,2026-08-13 02:37:02.680000,2
destroyer123787/predicting-smartphone-addiction,Predicting Smartphone Addiction,destroyer@123787,2026-08-16 13:37:14.057000,2
dariushafshar/94-verified-oofs-honest-cv-0-96985-lb-0-97097,"94 Verified OOFs — Honest CV 0.96985, LB 0.97097",Dariush Afshar,2026-08-10 00:28:21.507000,2
lonnieqin/s6e8-with-tensorflow-5-fold-pipeline,S6E8 with TensorFlow 5-Fold Pipeline,Lonnie,2026-08-09 20:09:36.897000,2
qwerty1234123424/simple-baseline-catboost,Simple Baseline | Catboost,Qwerty,2026-08-09 13:32:06.413000,2
vladstud716373618/s6e8-stress-level-is-useless-a-statistical-test,S6E8: stress_level is useless. A statistical test,Vlad Studennykov,2026-08-11 12:56:50.193000,2
cv13j0/doomscroll-detector-v3,Doomscroll Detector v3,C4rl05/V,2026-08-10 04:53:06.297000,2
leneen/ols-from-matrix-math-to-prediction,OLS: From Matrix Math to Prediction,Leneen,2026-08-14 14:56:15.833000,2
zqx960151285/predicting-smartphone-addiction,Predicting Smartphone Addiction,永远喜欢薇尔莉特·伊芙加登,2026-08-08 14:06:48.647000,2
mohankrishnathalla/s6e8-realmlp-oof-saver,S6E8 | RealMLP | OOF Saver,Mohan Krishna Thalla,2026-08-14 05:25:15.987000,2
stpeteishii/smartphone-oof-optimized-ensemble-blending2,Smartphone OOF-Optimized Ensemble Blending2,stpete_ishii,2026-08-08 10:33:43.600000,2
dariushafshar/fork-this-the-0-9708-stack-as-one-config-cell,Fork this: the 0.9708 stack as one config cell,Dariush Afshar,2026-08-07 08:08:15.623000,2
dariushafshar/price-a-new-stack-member-vs-74-oofs-lb-0-97077,Price a new stack member vs 74 OOFs - LB 0.97077,Dariush Afshar,2026-08-07 07:32:51.047000,2
shashwat1729/s6e8-lookup-pair-transformer,S6E8 Lookup-Pair Transformer,Shashwat Bajpai,2026-08-07 15:46:11.880000,2
dariushafshar/the-strongest-fully-reproducible-stack-lb-0-9708,The strongest fully-reproducible stack - LB 0.9708,Dariush Afshar,2026-08-07 00:03:16.240000,2
makthanithin/s6e8-addiction-lb-0-97086,S6E8 Addiction LB 0.97086 ✅,Nithin maktha,2026-08-06 20:20:17.040000,2
stephentarter/ps-s06e08-model-ensembling-stacking,PS-S06E08: Model Ensembling & Stacking,Stephen Tarter,2026-08-19 18:45:53.220000,2
funnybishop/s6e8-value-lookup-catboost,S6E8 value-lookup catboost,FunnyBishop,2026-08-05 11:01:37.537000,2
fall2fire/smartphone-addiction-prediction-score-0-96692,Smartphone Addiction Prediction📱| Score 0.96692,Pranav Uniyal,2026-08-12 18:16:41.753000,2
yhay81/smartphone-addiction-api-python-baseline,Smartphone Addiction - API Python Baseline,Yusuke Hayashi,2026-08-07 15:57:20.787000,2
anvitasreddy/predicting-smartphone-addiction,Predicting Smartphone Addiction,Anvita S Reddy,2026-08-08 07:29:48.557000,2
stpeteishii/smartphone-oof-optimized-ensemble-blending,Smartphone OOF-Optimized Ensemble Blending,stpete_ishii,2026-08-06 07:57:19.960000,2
ujjawalsingh10/smartphone-addiction-analysis-xgboost-optuna,SmartPhone Addiction Analysis - (XGboost + Optuna),Ujjawal Singh,2026-08-16 09:09:46.470000,2
dariushafshar/s6e8-community-stack-lb-0-970,s6e8-community-stack-lb-0-970,Dariush Afshar,2026-08-04 17:55:56.990000,2
thaanismohamed/decision-tree-own-predicting-smartphone-addiction,Decision Tree Own(Predicting Smartphone Addiction),thaanis-mohamed,2026-08-05 11:31:59.597000,2
nuzhatbintenazim/s6e8-lightgbm,S6E8 LightGBM,রোদশী,2026-08-04 06:20:01.273000,2
keyadobriyal/smartphone-addiction,Smartphone_Addiction_,Keya Dobriyal,2026-08-06 11:57:57.470000,2
bnzn261029/eda-lightgbm-baseline-roc-auc,EDA + LightGBM Baseline (ROC AUC),bsenst,2026-08-03 19:28:26.737000,2
nuzhatbintenazim/s6e8-simple-solution-with-feature-engineering,S6E8 Simple Solution with Feature Engineering,রোদশী,2026-08-03 19:10:15.980000,2
harharharhar/phone-addiction-shap,Phone addiction|📱 SHAP,Erik.M,2026-08-07 17:09:48.460000,2
mariusborel/predict-smartphone-addiction,Predict Smartphone Addiction,Marius,2026-08-08 23:02:49.143000,2
stephentarter/ps-s06e08-model-visualizer,ps_s06e08_model_visualizer,Stephen Tarter,2026-08-14 21:26:33.200000,2
beicicc/s6e8-strict-realmlp-residual-audit,S6E8 Strict RealMLP Residual Audit,Kun Zhang,2026-08-03 10:15:39.943000,2
beicicc/s6e8-seed-diversity-residual-audit,S6E8 Seed Diversity Residual Audit,Kun Zhang,2026-08-03 08:34:10.347000,2
keyadobriyal/smart-phone-addiction-nn-v2,Smart_Phone-Addiction-NN_V2,Keya Dobriyal,2026-08-03 02:53:30.423000,2
abdullahsafwan333/s6e8-tabm-sap,S6E8: TabM | SAP ,AbdullahSafwan333,2026-08-03 06:22:26.377000,2
abdullahsafwan333/s6e8-ft-transformer-sap,S6E8: FT-Transformer | SAP,AbdullahSafwan333,2026-08-03 06:22:54.820000,2
mohamedabder/01-eda-predicting-smartphone-addiction,01_EDA_Predicting_Smartphone_Addiction,Mohamed Abderrahmani,2026-08-19 10:44:45.653000,2
parthsarnobat/s6e8-smart-phone-addiction-catboost,S6E8:Smart phone addiction Catboost,Parth Sarnobat,2026-08-15 17:27:36.837000,2
abdullahsafwan333/s6e8-feature-engineering-sap,S6E8: Feature engineering | SAP,AbdullahSafwan333,2026-08-02 14:55:05.137000,2
thomasmeiner/smartphone-addiction-with-bluecastai,Smartphone addiction with BlueCastAI,Thomas Meißner,2026-08-02 20:37:15.287000,2
bloodygymvisitor/0-966-xgb-lgbm-ensemble-looking-for-feedback,0.966 XGB & LGBM Ensemble | Looking for Feedback,BloodyGymVisitor,2026-08-05 16:18:27.747000,2
gauravduttaiiitb/ex1-s6e8-flaml-micro-f1,Ex1 : S6E8 : FLAML : micro_f1,Gaurav Dutta,2026-08-01 20:36:48.660000,2
jayashree21f3001265/smartphone,smartphone,Jayashree21f3001265,2026-08-01 18:39:54.827000,2
tomasa2/s6e8-what-moved-the-score-and-what-didn-t,"S6E8: What Moved the Score, and What Didn't",tomasa2,2026-08-20 17:15:17.623000,42
sarveshchhetri/a-small-neural-net-instead-of-trees,A Small Neural Net Instead of Trees,Sarvesh Chhetri,2026-08-20 16:59:14.810000,1
cdeotte/simple-xgb-starter,Simple XGB Starter,Chris Deotte,2026-08-20 16:20:23.997000,1
vh10935cse20/mobile-addiction-lgbm,Mobile Addiction || LGBM,SARANG,2026-08-20 16:13:38.813000,37
bhaskarmishra44796/ps-s6e8-eda-xgb-lgbm-ensemble,PS:S6E8 EDA+ XGB LGBM Ensemble,Korty,2026-08-20 16:02:58.807000,12
cdeotte/basic-eda-smartphone-addiction,Basic EDA - Smartphone Addiction,Chris Deotte,2026-08-20 15:35:28.143000,1
mmalam/eda-on-categorical-columns,EDA on Categorical Columns,Mutahar,2026-08-20 15:03:14.320000,1
harishyadav0506/notebookbe0d1cfdfb,notebookbe0d1cfdfb,Harish Yadav,2026-08-20 14:49:02.200000,0
justcode1/smart-phone-addiction,smart phone addiction,Just Code,2026-08-20 13:46:39.043000,0
nurasylserikov/s6e8-eda,S6E8_EDA,Nurasik12,2026-08-20 13:44:32.290000,0
raphdraft/target-encoding-without-the-leak-how-to-prove-it,Target encoding without the leak - How to prove it,Raphdraft,2026-08-20 13:27:44.917000,0
adarsh1077/s6e8-my-best-cv-model-scored-worse-on-the-lb,S6E8 My Best CV Model Scored Worse on the LB,AdarshAleti,2026-08-20 12:56:30.523000,2
kava1/predicting-smartphone-addiction-lightgbm-fe,Predicting Smartphone Addiction - Lightgbm + FE,kava1,2026-08-20 12:55:59.117000,34
stephentarter/ps-s06e08-lightgbm,PS-S06E08: LightGBM,Stephen Tarter,2026-08-20 12:27:12.803000,8
ramrithikchirra/notebookbb476eb0f4,notebookbb476eb0f4,Ramrithik Chirra,2026-08-20 12:11:17.320000,0
mayank787/addiction-to-mobile,Addiction_To_Mobile,Mayank Garg ☑️,2026-08-20 10:56:54.080000,1
nikita7364777/rank-gauss-logit-rank-blending,Rank-Gauss + logit-rank blending,r0tor,2026-08-20 10:11:56.303000,5
koushikkumardinda/robust-ensembling-target-encoding-pipeline,📱 Robust Ensembling & Target Encoding Pipeline ,KOUSHIK KUMAR DINDA,2026-08-20 10:06:08.253000,44
rishikeshpaul/smartphone-addiction-prediction-pipeline,Smartphone Addiction Prediction Pipeline,Rishikesh Paul,2026-08-20 09:25:48.153000,1
lavanyabacche/s1e8-psa-01,S1E8 PSA 01,Lavanya Bacche,2026-08-20 08:57:49.690000,1
johnsebin97/j-s-sfa-2-2,J's SFA 2.2,SebinChristo,2026-08-20 07:47:01.237000,8
mikhailnaumov/smartphone-addiction-xgb,Smartphone Addiction | XGB,Mikhail Naumov,2026-08-20 06:18:37.583000,12
wellkilo/s6e8-evidence-first-soft-student-blend,S6E8 Evidence-First Soft-Student Blend,sssskilo,2026-08-20 05:00:28.173000,6
dedquoc/global-trends-ml-analysis-top-1,Global Trends & ML Analysis (Top 1%),De DQ,2026-08-20 04:15:32.523000,4
shivamgravity/pgs-s6e8-eda,pgs-s6e8-eda,Shivam,2026-08-20 02:31:12.410000,0
stephentarter/ps-s06e08-catboost,PS-S06E08: CatBoost,Stephen Tarter,2026-08-19 21:12:53.740000,6
stephentarter/ps-s06e08-feature-engineering,ps_s06e08_feature_engineering,Stephen Tarter,2026-08-19 21:11:51.427000,3
amanatar/s6e8-elite-rank-average-ensemble-0-97092,S6E8: Elite Rank Average Ensemble [0.97092],Aman Atar,2026-08-19 20:20:08.150000,30
sergeyqt2024/lr-lgbm-oof-only,LR+LGBM (OOF) only,Sergey Qt2024,2026-08-19 19:44:46.293000,1
stephentarter/ps-s06e08-model-ensembling-stacking,PS-S06E08: Model Ensembling & Stacking,Stephen Tarter,2026-08-19 18:45:53.220000,2
vladstud716373618/logistic-regression-tests,Logistic Regression Tests,Vlad Studennykov,2026-08-19 15:04:18.487000,1
kunaldesale2408/s6e8-smartphone-addiction,S6E8 Smartphone Addiction,Kunal Desale,2026-08-19 14:19:18.113000,16
omidbaghchehsaraei/hill-climbing-ensemble-for-smartphone-addiction,Hill Climbing Ensemble for Smartphone Addiction,OMID BAGHCHEH SARAEI,2026-08-19 14:15:54.797000,31
smit1612/logistic-regression-baseline-0-923-cv-0-926-lb,Logistic Regression Baseline (0.923 CV / 0.926 LB),Smit_1612,2026-08-19 14:02:48.430000,0
slowlearnermack/screen-time-doesn-t-add-up-s6e8,📱 Screen Time Doesn't Add Up | S6E8,Mukesh Bhandarkar,2026-08-19 13:50:55.960000,4
sowmiya06m/submission-csv,submission.csv,Sowmiya_06M,2026-08-19 12:47:37.433000,0
raykkretzschmar/why-every-s6e8-notebook-above-0-97110-overfits,Why Every S6E8 Notebook Above 0.97110 Overfits,Rayk Kretzschmar,2026-08-19 11:36:55.897000,59
dhananjayprajapati11/the-hidden-patterns-behind-smartphone-addiction,The Hidden Patterns Behind Smartphone Addiction,Dhananjay Prajapati,2026-08-19 11:17:43.387000,3
adarsh1077/s6e8-diversity-beats-strength,S6E8 Diversity Beats Strength,AdarshAleti,2026-08-19 10:46:14.163000,51
mohamedabder/01-eda-predicting-smartphone-addiction,01_EDA_Predicting_Smartphone_Addiction,Mohamed Abderrahmani,2026-08-19 10:44:45.653000,2
alexchilton/four-eda-checks-that-change-what-you-model,Four EDA checks that change what you model,alex chilton,2026-08-19 09:54:29.770000,3
alexchilton/your-cv-gain-is-probably-noise,Your CV gain is probably noise,alex chilton,2026-08-19 09:11:11.360000,4
ojaspadhye/smartphoneaddiction-bit,SmartPhoneAddiction Bit,Ojas padhye,2026-08-19 09:09:35.417000,2
lavanyabacche/predicting-smartphones-lb-0-97117,Predicting Smartphones LB 0.97117,Lavanya Bacche,2026-08-19 08:50:52.863000,1
factualexplorer/baseline-lgbm-xgb-cb-rank-averaged-oof-tuned,"Baseline:LGBM+XGB+CB, Rank Averaged OOF-tuned",Factual Explorer,2026-08-19 08:27:46.867000,9
alpharapto/smartphones-prediction,SmartPhones Prediction,Naman Jain,2026-08-19 07:36:37.223000,2
tamerlanomralinov/s6e8-best-blend-from-tamerlan,S6E8 best blend from Tamerlan,Tamerlan Omralinov,2026-08-19 07:26:25.283000,4
harishyadav0506/notebookf563454554,notebookf563454554,Harish Yadav,2026-08-19 06:26:26.547000,0
atifkhan12/smartphone-addiction,smartphone addiction,Muhammad Atif,2026-08-19 06:26:07.077000,3
dariushafshar/how-much-does-one-more-model-buy-you-lb-97109,How Much Does One More Model Buy You? LB .97109,Dariush Afshar,2026-08-19 05:20:40.787000,2
yarukikun/jyama,jyama_初心者チュートリアル自分用,jyama,2026-08-19 04:19:13.893000,3
dynamo14324/smartphone-addiction-championship-v2,Smartphone Addiction Championship V2,Yogesh Jadhav,2026-08-19 03:09:37.060000,0
devashish001/predicting-smartphone-addiction,predicting-smartphone-addiction,Devashish,2026-08-19 02:51:07.273000,19
kitopl/stacking-lb-0-969,【日本語】stacking に必要なのは強さではなく違い(LB 0.969),kito_pl,2026-08-19 02:27:40.243000,2
kitopl/stacking-what-a-stack-needs-is-difference,Stacking: what a stack needs is difference,kito_pl,2026-08-19 02:27:38.070000,0
omidbaghchehsaraei/xgboost-v2-for-predicting-smartphone-addiction,XGBoost v2 for Predicting Smartphone Addiction,OMID BAGHCHEH SARAEI,2026-08-18 21:41:19.073000,0
reyhanksatria/blend-public-weights-0-97117-lb,blend public weights: 0.97117 LB,Reyhan Ksatria,2026-08-18 21:17:12.167000,5
untouchableforest/s6e8-knn-diversifier-v3-raw-knn-output,S6E8 KNN Diversifier v3 (raw KNN output),Maria Startseva,2026-08-18 20:08:48.130000,0
daniilkrasnovvv/s6e8-blend-audit-and-refit,S6E8 — blend audit and refit,Krasnov Daniil,2026-08-18 19:38:53.267000,1
sarveshchhetri/triple-ensemble-lightgbm-xgboost-catboost,Triple Ensemble: LightGBM + XGBoost + CatBoost,Sarvesh Chhetri,2026-08-18 16:37:10.137000,9
sarveshchhetri/zero-extra-libraries-one-model,"Zero Extra Libraries, One Model",Sarvesh Chhetri,2026-08-18 16:11:59.807000,4
parthakkumar/notebooke30b189c20,notebooke30b189c20,parthak,2026-08-18 15:53:10.263000,0
thisray/s6e8-addiction-blend-lb-0-97117,S6E8 Addiction Blend LB 0.97117,thisray,2026-08-18 15:10:38.413000,20
mmalam/shrink-dataset,Shrink Dataset,Mutahar,2026-08-18 15:04:06.567000,1
obiaf88/predicting-smartphone-addiction-pytorch,Predicting Smartphone Addiction - PyTorch,De Marchi Fabio,2026-08-18 14:24:39.213000,3
kitopl/max-bin-raise-it-to-your-distinct-value-count,max_bin: raise it to your distinct-value count,kito_pl,2026-08-18 14:11:36.843000,2
kitopl/max-bin,【日本語】max_bin の最適値は値の種類の数で決まる,kito_pl,2026-08-18 14:11:34.400000,6
francescoliveras/playground-s6e8-smartphone-addiction,playground  😯s6e8😯 smartphone-addiction,Francesc Oliveras,2026-08-18 11:05:37.600000,2
hboyang/s6e8-150-member-fusion,S6E8 150-member Fusion,HBoyang ,2026-08-18 09:15:17.277000,0
lavanyabacche/predicting-smartphone-addiction-01,Predicting Smartphone Addiction 01,Lavanya Bacche,2026-08-18 08:47:02.740000,2
ananyamaurya/predicting-smartphone-addiction,Predicting Smartphone Addiction,Ananya Maurya,2026-08-18 07:36:58.257000,2
georgymamarin/s6e8-why-gaming-hours-helps-but-adds-nothing-new,S6E8: why gaming_hours helps but adds nothing new,Georgy Mamarin,2026-08-18 07:31:36.357000,46
shinak0502/notebook48ddac235f,notebook48ddac235f,Keisuke Shinada,2026-08-18 06:44:12.467000,0
fuagra/3-models-stacking-and-eda-public-0-9635,3 MODELS STACKING AND EDA PUBLIC 0.9635+,Fuagra,2026-08-18 06:36:20.250000,1
gentralgresham/predicting-smartphone-addiction,Predicting_Smartphone_Addiction,Gentral Gresham,2026-08-17 22:16:10.730000,7
georgymamarin/three-of-seven-s6-boards-erased-the-public-top-ten,Three of seven S6 boards erased the public top ten,Georgy Mamarin,2026-08-17 19:33:36.717000,10
tannushreevaishnav/predicting-smartphone-addiction,Predicting Smartphone Addiction,Tannushree Vaishnav,2026-08-17 18:57:40.867000,0
stephentarter/ps-s06e08-xgboost,PS-S06E08: XGBoost,Stephen Tarter,2026-08-17 17:37:58.450000,6
stephentarter/ps-s06e08-histgradientboosting,PS-S06E08: HistGradientBoosting,Stephen Tarter,2026-08-17 16:59:55.520000,0
laymond/s6e8-predicting-phone-addiction-xgb-pipeline,S6E8 Predicting Phone Addiction XGB Pipeline,Raymond Yuen,2026-08-17 16:47:57.553000,1
ern711/multi-level-deep-univariate-spline-transformer,Multi-Level Deep Univariate Spline Transformer,Ern711,2026-08-17 12:50:43.153000,9
funguscakehead/da-thig,da thig,Funguscakehead,2026-08-17 12:48:27.437000,1
junkonno/fork-of-notebookd256aca73c,Fork of notebookd256aca73c,Junkonno,2026-08-17 12:42:38.263000,0
mostafamomeni/notebook546aa9afd1,notebook546aa9afd1,Mostafa Momeni,2026-08-17 12:37:36.583000,1
anthonytherrien/predicting-smartphone-addict-nn-residual-network,Predicting Smartphone Addict | NN Residual Network,AnthonyTherrien,2026-08-17 10:24:55.217000,35
secretiveplotter1863/smartphone-addiction,SmartPhone Addiction,Secertive,2026-08-17 09:34:29.483000,0
bariankitvinod/predicting-smartphone-addiction-our-ipynb-file,Predicting Smartphone Addiction (our ipynb file),Ankit Bari,2026-08-17 09:11:19.867000,0
logeshwari12345/smartphone-addiction,Smartphone Addiction,Logeshwari Somasundaram,2026-08-17 08:55:49.837000,0
daniilkrasnovvv/best-current-open-solution-memes-part-3,Best current open solution + Memes part 3,Krasnov Daniil,2026-08-17 08:27:52.937000,3
rishikeshpaul/explore-smartphone-addiction-data,Explore Smartphone Addiction Data,Rishikesh Paul,2026-08-17 06:58:01.097000,5
direcm/s6e8-top-30-diversity-stack-rank-blend,S6E8 Top 30 | Diversity Stack + Rank Blend,Direc M,2026-08-17 06:54:06.097000,3
dynamo14324/smartphone-addiction-eda-baseline,Smartphone Addiction: EDA & Baseline,Yogesh Jadhav,2026-08-17 06:43:12.050000,0
kodaifukuda0311/s6e8-xgb-the-power-of-exact-value-te-fe,S6E8 | XGB: The Power of Exact-Value TE & FE,Kodai Fukuda,2026-08-17 06:04:32.647000,8
sarathsreedharj/mobile-addiction,mobile_addiction,Sarath Sreedhar J,2026-08-17 05:51:33.973000,0
zhukovoleksiy/ps6e8-eda-feature-engineering-pipeline,PS6E8 | EDA + Feature Engineering Pipeline,Oleksii Zhukov,2026-08-17 05:40:58.180000,3
zananpech/smartphone-prediction-with-ensemble-models,Smartphone prediction with ensemble models,Zanan Pech,2026-08-17 05:29:07.093000,1
dynamo14324/smartphone-addiction-leakage-safe-baseline,Smartphone Addiction Leakage Safe Baseline,Yogesh Jadhav,2026-08-17 05:19:13.047000,0
yadoy666/177-member-diversity-stack-with-gpu-acceleration,177-Member Diversity Stack with GPU Acceleration,Suharyadi,2026-08-17 05:18:49.103000,7
poojapuri/smartphone-addiction-prediction,Smartphone Addiction Prediction,Pooja Puri,2026-08-17 04:59:04.350000,1
yaminh/smartphone-addiction-prediction-strong-eda-cv-eble,Smartphone Addiction Prediction Strong EDA+CV+EBLE,Yamin Hossain,2026-08-17 04:49:10.677000,0
dynamo14324/smartphone-addiction-championship,Smartphone Addiction Championship,Yogesh Jadhav,2026-08-17 04:41:09.563000,0
yadoy666/94-verified-oof-gpu-accelerated-meta-stack,94 Verified OOF GPU-Accelerated Meta Stack,Suharyadi,2026-08-17 04:32:38.960000,5
najiama/s6e8-addiction-lb-0-97113,S6E8 Addiction LB 0.97113,Naji,2026-08-17 04:19:11.657000,77
seungjunleeofficial/s6e8-blending-notebook,S6E8_blending_notebook,Seungjun Lee,2026-08-17 02:29:28.523000,4
ayaabdalsalam/phone-addiction,phone addiction,aya abdalsalam,2026-08-16 21:39:21.430000,0
omidbaghchehsaraei/tabtransformer-predicting-smartphone-addiction,TabTransformer : Predicting Smartphone Addiction,OMID BAGHCHEH SARAEI,2026-08-16 17:05:34.067000,4
lavanyabacche/predicting-mobile-addiction-0011,Predicting mobile addiction 0011,Lavanya Bacche,2026-08-16 15:02:55.177000,2
destroyer123787/predicting-smartphone-addiction,Predicting Smartphone Addiction,destroyer@123787,2026-08-16 13:37:14.057000,2
yadoy666/predicting-smartphone-addiction,Predicting-Smartphone-Addiction,Suharyadi,2026-08-16 13:05:54.167000,0
omidbaghchehsaraei/cnn-for-predicting-smartphone-addiction,CNN for Predicting Smartphone Addiction,OMID BAGHCHEH SARAEI,2026-08-16 10:37:07.743000,7
ujjawalsingh10/smartphone-addiction-analysis-xgboost-optuna,SmartPhone Addiction Analysis - (XGboost + Optuna),Ujjawal Singh,2026-08-16 09:09:46.470000,2
enricomanosperti/smartphone-addiction-eda-baseline,Smartphone Addiction - EDA & Baseline,Enrico Manosperti,2026-08-16 09:07:33.227000,0
adarsh1077/s6e8-complete-walkthrough-eda-to-stacking,S6E8 Complete Walkthrough EDA to Stacking,AdarshAleti,2026-08-16 07:36:57.860000,7
vincenthwq/s6e8-ensemble,s6e8-ensemble,Vincent Heng,2026-08-16 05:04:45.683000,0
yeonseokcho/smartphone-addiction-prediction,Smartphone Addiction Prediction,yscho,2026-08-16 03:15:21.440000,0
lukemanabubakar/predicting-smartphone-addiction,Predicting Smartphone Addiction,Lukeman Abubakar,2026-08-15 22:13:38.037000,0
stephentarter/ps-s06e08-eda,PS-S06E08: EDA ,Stephen Tarter,2026-08-15 21:44:24.853000,7
stephentarter/ps-s06e08-experiment-setup,ps_s06e08_experiment_setup,Stephen Tarter,2026-08-15 21:36:58.827000,8
adityakushwaha007/kaggle-s6e8-predicting-smartphone-addiction-eda,Kaggle S6E8 — Predicting Smartphone Addiction EDA,Aditya Kushwaha,2026-08-15 20:33:09.647000,0
rithvikmuthyapu/s6e8-data-visualization-and-prediction-w-tf-ann,S6E8: Data Visualization and Prediction w/ TF ANN,Rithvik Muthyapu,2026-08-15 19:16:37.910000,1
gauravduttaiiitb/ex996-s6e8-flaml-roc-auc-weighted,Ex996 : S6E8 : FLAML : roc_auc_weighted,Gaurav Dutta,2026-08-15 19:14:59.500000,1
souvikdbiswas/mobile-addiction-0-965-lgbm-xgb-ensemble,Mobile Addiction |0.965+| LGBM & XGB Ensemble,Souvik_D_Biswas,2026-08-15 19:07:06.020000,11
gauravduttaiiitb/ex999-s6e8-flaml-roc-auc-weighted, Ex999 : S6E8 : FLAML : roc_auc_weighted,Gaurav Dutta,2026-08-15 18:55:13.513000,1
gauravduttaiiitb/ex999-s6e8-lazypredict,Ex999 : S6E8 : Lazypredict,Gaurav Dutta,2026-08-15 18:45:48.437000,1
ern711/contextualized-deep-univariate-spline-transformer,Contextualized Deep Univariate Spline Transformer,Ern711,2026-08-15 17:47:16.697000,17
parthsarnobat/s6e8-smart-phone-addiction-catboost,S6E8:Smart phone addiction Catboost,Parth Sarnobat,2026-08-15 17:27:36.837000,2
najiama/where-does-the-0-97101-nn-score-really-come-from,Where does the 0.97101 NN score really come from,Naji,2026-08-15 16:09:27.357000,4
achilov15/blending-method,Blending method,Achilov15,2026-08-15 15:30:52.077000,0
thuandao/smartphone-addiction,📱 Smartphone Addiction ⚠️,Đào Minh Thuấn 🎖️,2026-08-15 15:07:30.630000,9
kojou17/xgboost-w-feature-selection-via-mutual-information,XGBoost w Feature Selection via Mutual Information,Harsh Kulkarni,2026-08-15 14:31:49.487000,0
adnanik23/s6e8-training,S6E8_training,Adnan Iqbal Kantroo,2026-08-15 13:32:46.607000,1
bhuvaneshwarpratap12/smartphoneaddiction1,SmartphoneAddiction1,Bhuvaneshwar Pratap,2026-08-15 12:09:25.787000,0
souvikdbiswas/s6e8-quit-wasting-4-hours-on-training-0-95-in-25,S6E8:Quit wasting 4 hours on training: 0.95+ in 25,Souvik_D_Biswas,2026-08-15 12:04:26.317000,5
yusufmurtaza01/s6e8-analytics,s6e8| Analytics,Yusuf Murtaza,2026-08-15 11:36:22.923000,2
yusufmurtaza01/s6e8-eda,S6E8|EDA,Yusuf Murtaza,2026-08-15 11:32:42.730000,3
vladstud716373618/s6e8-catboost-feature-ablation-600-11-best,S6E8: CatBoost Feature Ablation (600+ -> 11 best),Vlad Studennykov,2026-08-15 10:13:54.483000,14
souvikdbiswas/s6e8-stop-wasting-hours-on-optuna-score-in-minute,S6E8: Stop wasting hours on Optuna:Score in Minute,Souvik_D_Biswas,2026-08-15 09:41:48.143000,7
gauravduttaiiitb/ex451-s6e8-flaml-roc-auc-weighted, Ex451 : S6E8 : FLAML : roc_auc_weighted,Gaurav Dutta,2026-08-15 09:38:49.410000,1
gauravduttaiiitb/ex351-s6e8-flaml-roc-auc-weighted,Ex351 : S6E8 : FLAML : roc_auc_weighted,Gaurav Dutta,2026-08-15 09:22:39.273000,1
lavanyabacche/predicting-smartphone-addiction-catboost-fe,Predicting Smartphone Addiction - CatBoost + FE,Lavanya Bacche,2026-08-15 09:22:04.420000,1
maheshmunnuru/phone-addiciton-model-under-5-minutes,PHONE_ADDICITON_MODEL_UNDER_5_MINUTES,Mahesh Munnuru,2026-08-15 07:30:25.527000,5
mohankrishnathalla/s6e8-catboost-tuner-oof-saver,S6E8 | CatBoost Tuner | OOF Saver,Mohan Krishna Thalla,2026-08-15 07:01:38.063000,7
mohankrishnathalla/s6e8-xgb-tuner-oof-saver,S6E8 | XGB Tuner | OOF Saver,Mohan Krishna Thalla,2026-08-15 06:55:30.727000,9
nurasylserikov/3-boosters-bagged-baseline-cv-0-96969,3 boosters bagged Baseline | CV 0.96969,Nurasik12,2026-08-15 06:10:16.100000,5
mohankrishnathalla/s6e8-lgb-dart-tuner-oof-saver,S6E8 | LGB + DART Tuner | OOF Saver,Mohan Krishna Thalla,2026-08-15 06:02:26.467000,4
tanvicaaa/phone-addiction-v1,phone_addiction_v1,Tanvi,2026-08-15 03:13:12.983000,0
junkonno/notebookd256aca73c,notebookd256aca73c,Junkonno,2026-08-15 01:43:37.643000,0
maximolorenzoylosada/the-oof-that-passes-every-leakage-test,The OOF That Passes Every Leakage Test,maximo lorenzo y losada,2026-08-15 00:16:24.397000,2
stephentarter/ps-s06e08-model-visualizer,ps_s06e08_model_visualizer,Stephen Tarter,2026-08-14 21:26:33.200000,2
reyhanksatria/smartphone-addiction,smartphone addiction,Reyhan Ksatria,2026-08-14 20:22:22.427000,0
aqibrazadev/complete-end-to-end-eda-with-advanced-dl-models,Complete End-to-End EDA with Advanced DL Models,Aqib Raza,2026-08-14 20:03:02.437000,1
charlottetu/predicting-smart-phone-addiction,Predicting smart phone addiction,charlotteamy,2026-08-14 15:15:51.500000,2
leneen/ols-from-matrix-math-to-prediction,OLS: From Matrix Math to Prediction,Leneen,2026-08-14 14:56:15.833000,2
aadikaggle123/predicting-smartphone-addiction,Predicting Smartphone Addiction,Mahendra Pawar,2026-08-14 14:14:59.707000,0
helenylmaz/smartphone-addiction-prediction,Smartphone Addiction prediction,Helen,2026-08-14 13:57:09.763000,5
mafaqbhattiofficial/eda-predicting-smartphone-addiction,EDA: Predicting Smartphone Addiction,m afaq bhatti official,2026-08-14 13:42:20.207000,0
lopure/hdviz-pca-parallel-with-linear-svm,HDViz(PCA+ Parallel) with Linear SVM,Who am I?,2026-08-14 12:15:13.077000,9
kitopl/eda-lightgbm-zero-correlation-is-not-no-signal,EDA + LightGBM: zero correlation is not no signal,kito_pl,2026-08-14 11:55:28.397000,0
kitopl/eda-lightgbm,【日本語】EDA + LightGBM:相関ゼロの列を捨てる前に,kito_pl,2026-08-14 11:25:23.003000,14
odvut1/predict-phone-addiction,Predict Phone📱 Addiction 📵 ,Muhammad Hamim Islam,2026-08-14 10:19:57.237000,5
shivamgravity/pgs-s6e8-baseline-logistic-regression,pgs-s6e8-baseline-logistic-regression,Shivam,2026-08-14 10:15:10.847000,2
defaultujijk/competition-2,Competition #2,UJ1K,2026-08-14 09:49:58.543000,0
pannu22/smartphone-addiction-baseline,smartphone_addiction_baseline,Narpinder Singh,2026-08-14 06:44:43.043000,0
dynamo14324/s6e8-grandmaster-blend-guide,s6e8-grandmaster-blend-guide,Yogesh Jadhav,2026-08-14 06:18:14.403000,1
mohankrishnathalla/s6e8-realmlp-oof-saver,S6E8 | RealMLP | OOF Saver,Mohan Krishna Thalla,2026-08-14 05:25:15.987000,2
tejaswagupta/predicting-smartphone-addiction,Predicting Smartphone Addiction,Tejaswa Gupta,2026-08-14 05:25:02.887000,2
ayushmuley/notebookc9fa246ba4,notebookc9fa246ba4,Ayush Muley,2026-08-14 05:24:13.707000,0
christopherarzate/predicting-smartphone-addiction,Predicting Smartphone Addiction ,Christopher Arzate-Benitez,2026-08-14 02:21:30.103000,5
jimgruman/addiction,📱Addiction,Jim Gruman,2026-08-13 20:02:48.240000,9
sa4444/predicting-smartphone-addiction-xgboost,Predicting Smartphone Addiction-XGBoost,Sash,2026-08-13 19:19:13.237000,4
sarveshchhetri/the-lookup-key-trick-minus-the-neural-net,"The Lookup-Key Trick, Minus the Neural Net",Sarvesh Chhetri,2026-08-13 15:58:25.253000,8
nicolepatterson8910/notebook07e29767c7,notebook07e29767c7,Nicole Patterson,2026-08-13 15:17:49.520000,0
wowtimwow/model-capacity-beat-my-feature-engineering-by-18x,Model capacity beat my feature engineering by 18x,WOWTIMWOW,2026-08-13 15:09:12.843000,0
nikitasem/smartphone-addiction-classification,smartphone-addiction-classification,Nokish,2026-08-13 14:57:47.757000,1
sujeetfz/smartphone-addiction-prediction,Smartphone Addiction prediction,Sujeet Kumar,2026-08-13 13:51:36.457000,0
sdeogade/predicting-smartphone-addiction,Predicting Smartphone Addiction 📞📱,Sahil Deogade,2026-08-13 13:11:36.280000,5
teamaker/xgboost-feature-engineering-and-no-categoricals,XGBoost - Feature Engineering and no categoricals,Karan,2026-08-13 13:03:07.960000,1
benedictusryugunawan/s6e8-realmlp-approach,S6E8 | RealMLP Approach,Benedictus Ryu Gunawan,2026-08-13 12:36:01.757000,3
nikita7364777/smartphone-addiction-notebook,Smartphone Addiction Notebook,r0tor,2026-08-13 12:18:28.573000,6
kvishalini/predicting-smartphone-addiction,Predicting Smartphone Addiction ,VISHALINI K,2026-08-13 11:01:28.457000,0
sarimr/smartphone-addiction-stacking-ensemble-auc-0-96,Smartphone Addiction: Stacking Ensemble [AUC 0.96+,Sarim Javed,2026-08-13 10:54:19.023000,1
maheshmunnuru/eda-blueprint-for-classification-problems,EDA_BLUEPRINT_FOR_CLASSIFICATION_PROBLEMS,Mahesh Munnuru,2026-08-13 10:45:32.863000,3
zisanferzin/predicting-smartphone-addiction-competition-s1,Predicting Smartphone Addiction Competition S1,Zişan Ferzin YALÇIN,2026-08-13 09:21:16.770000,3
daniilkrasnovvv/s6e8-top-1-public-0-97099,[S6E8] TOP-1 PUBLIC 0.97099🔥🔥🔥,Krasnov Daniil,2026-08-13 06:48:43.383000,35
daniilkrasnovvv/s6e8-current-best-open-solution-memes-2,[S6E8] - Current best open solution + Memes #2🔥,Krasnov Daniil,2026-08-13 06:46:49.613000,10
lalit7881/predicting-smartphone-addiction-xgb,Predicting Smartphone Addiction Xgb,Lalit sonawane,2026-08-13 06:45:03.347000,3
nicolepatterson8910/notebooka219999a69,notebooka219999a69,Nicole Patterson,2026-08-13 03:05:42.947000,0
raccoon2/smartphone-addiction-prediction-ensemble-stacking,Smartphone Addiction Prediction: Ensemble Stacking,Raccoon2,2026-08-13 02:37:02.680000,2
timofeyyyyyy/baseline-prediction-with-lightgbm-and-eda,baseline prediction with lightgbm and eda,Timofey Kravchenko,2026-08-12 19:35:24.473000,3
daniilkrasnovvv/s6e8-optimized-solution-by-optuna,S6E8: optimized solution by optuna!,Krasnov Daniil,2026-08-12 18:37:10.170000,1
aarontauro/smartphone-addiction,smartphone addiction,Aaron Tauro,2026-08-12 18:34:15.557000,1
fall2fire/smartphone-addiction-prediction-score-0-96692,Smartphone Addiction Prediction📱| Score 0.96692,Pranav Uniyal,2026-08-12 18:16:41.753000,2
mdnaimislam165436/predicting-smartphone-addiction,Predicting Smartphone Addiction,Md Naim,2026-08-12 12:11:20.317000,3
vishal567/3-features-vs-everything-minimalism-lost,3 Features vs Everything: Minimalism Lost?,Vishal Khomane,2026-08-12 10:52:32.817000,5
vishal567/smartphone-addiction-signal-or-shortcut,Smartphone Addiction: Signal or Shortcut?,Vishal Khomane,2026-08-12 10:31:45.337000,8
mohankrishnathalla/s6e8-tabm-oof-saver,S6E8 | TabM | OOF Saver,Mohan Krishna Thalla,2026-08-12 10:26:40.947000,0
nikita7364777/s6e8-rank-blend-65-35,S6E8 Rank blend (65/35),r0tor,2026-08-12 10:17:10.847000,21
echloeprice/phone-addict,phone addict,E散人chloeprice,2026-08-12 09:15:29.507000,4
zeusgod230/mobile-addiction-notebook,Mobile_Addiction_notebook,Anshraj Gupta,2026-08-12 09:05:51.793000,7
sanyagupta31/smartphone-addiction-xgboost-baseline,Smartphone-Addiction-XGBoost-Baseline,Sanya Gupta31,2026-08-12 08:43:29.310000,0
dynamo14324/s6e8-advanced-feature-engineering,S6E8 | Advanced Feature Engineering,Yogesh Jadhav,2026-08-12 08:10:21.890000,1
shayanzk/smartphone-addiction-a-statistical-deep-dive,Smartphone Addiction — A Statistical Deep Dive,Shayan Zulfiqar,2026-08-12 07:06:16.313000,9
mubashirulhassan00/predicting-smartphone-addiction-s6e8-auc-0-96,Predicting Smartphone Addiction | S6E8 | AUC 0.96,Mubashir Ul Hassan,2026-08-11 23:04:57.687000,11
kostya138/model-ensemble-optuna-with-kfold,Model Ensemble + Optuna with Kfold,Koostik126,2026-08-11 14:51:42.323000,1
rizkisuryanugroho/smartphone-addiction-lightgbm,smartphone_addiction_lightgbm,Rizki Surya Nugroho,2026-08-11 13:36:24.350000,1
vladstud716373618/s6e8-stress-level-is-useless-a-statistical-test,S6E8: stress_level is useless. A statistical test,Vlad Studennykov,2026-08-11 12:56:50.193000,2
rustambhadouriya/student-health-rank-average-0-97092,Student health rank average 0.97092,ItzRustam,2026-08-11 12:49:32.587000,1
mayankgariyamldev/addicition-compitations,addicition compitations,Mayank Gariya ML,2026-08-11 11:52:01.007000,0
rv1922/smartphone-eda-analysis,SmartPhone||EDA Analysis,Vishwa,2026-08-11 11:45:00.983000,0
daniilkrasnovvv/s6e8-top-5-memes,S6E8: TOP 5% + Memes,Krasnov Daniil,2026-08-11 10:10:21.817000,13
priyamsaha17/predicting-smartphone-addiction-v1,Predicting Smartphone Addiction - V1,Priyam Saha,2026-08-11 10:04:17.657000,6
rv1922/smartphone-addiction,Smartphone Addiction 📊,Vishwa,2026-08-11 08:57:55.877000,0
lavanyabacche/predicting-smartphone-addiction-playground-s6e8,Predicting Smartphone Addiction — Playground S6E8,Lavanya Bacche,2026-08-10 19:52:44.347000,1
lavanyabacche/mobile-addiction-lgbm,Mobile Addiction || LGBM,Lavanya Bacche,2026-08-10 19:36:50.857000,1
lavanyabacche/tps-s6e8-eda-advanced-feats-weighted-en-1fab70,"TPS S6E8: EDA, Advanced Feats & Weighted En 1fab70",Lavanya Bacche,2026-08-10 19:03:17.507000,1
aslamsayyad1/version-7,version_7,Aslam Sayyad ,2026-08-10 17:01:40.680000,0
sankalpnagineni/lgbm-xgboost-rank-blend-s6e8-baseline,LGBM + XGBoost Rank Blend | S6E8 Baseline,Sankalp Nagineni,2026-08-10 16:06:55.443000,4
muhammadshoaibaltaf/predicting-smartphone-addiction-playground-s6e8,Predicting Smartphone Addiction — Playground S6E8,Muhammad Shoaib Altaf,2026-08-10 15:52:52.517000,9
anhadmahajan06/s6e8-smartphone-addiction-ceiling-breaker,S6E8 |  Smartphone Addiction Ceiling Breaker,Anhad Mahajan,2026-08-10 14:15:49.557000,6
anhadmahajan06/s6e8-u-smart-phone-addict,S6E8 | U Smart Phone Addict?,Anhad Mahajan,2026-08-10 14:14:08.430000,11
valentinemwai/predicting-smartphone-addiction-xgboost-model,Predicting Smartphone Addiction- XGBOOST Model,valentine mwai,2026-08-10 10:09:48.433000,3
rohit4468/ensemble-xgb-cat-lgbm-s6-e8,Ensemble | XGB | CAT | LGBM S6|E8,Rohit Kumar,2026-08-10 06:49:07.953000,7
sergiobuilds/s6e8-feature-engineering-comparison,s6e8-feature-engineering-comparison,sergiobuilds,2026-08-10 05:41:25.817000,0
sergiobuilds/s6e8-xgb-smartphone-addiction,s6e8-xgb-smartphone-addiction,sergiobuilds,2026-08-10 05:27:51.427000,0
sergiobuilds/s6e8-eda-smartphone-addiction,s6e8-eda-smartphone-addiction,sergiobuilds,2026-08-10 05:13:02.360000,0
cv13j0/doomscroll-detector-v3,Doomscroll Detector v3,C4rl05/V,2026-08-10 04:53:06.297000,2
rauffauzanrambe/s6e8-technology-addiction-lb-0-97092-prime,S6E8 Technology Addiction LB 0.97092 Prime 🔥,Ra'uf Fauzan Rambe,2026-08-10 04:38:12.380000,10
dariushafshar/94-verified-oofs-honest-cv-0-96985-lb-0-97097,"94 Verified OOFs — Honest CV 0.96985, LB 0.97097",Dariush Afshar,2026-08-10 00:28:21.507000,2
dariushafshar/12-oof-members-survive-a-fold-and-hash-audit,12 OOF Members Survive a Fold and Hash Audit,Dariush Afshar,2026-08-09 23:31:47.687000,0
vladstud716373618/baseline-5-fold-cv-catboost-deep-fe,Baseline | 5-Fold CV CatBoost + Deep FE,Vlad Studennykov,2026-08-09 22:45:47.460000,0
lonnieqin/s6e8-with-tensorflow-5-fold-pipeline,S6E8 with TensorFlow 5-Fold Pipeline,Lonnie,2026-08-09 20:09:36.897000,2
codingmaster24/addiction-prediction-gbm,Addiction prediction gbm,SIVA S,2026-08-09 18:18:27.280000,1
codingmaster24/predicting-smartphone-addiction-xgboost,Predicting Smartphone Addiction XGBoost,SIVA S,2026-08-09 17:47:28.527000,0
akshatx25/notebook872448728e,notebook872448728e,Akshat Maurya,2026-08-09 17:08:32.857000,1
aslamsayyad1/version-6,version_6,Aslam Sayyad ,2026-08-09 16:43:16.863000,1
echloeprice/phone-addiction-prediction,phone addiction prediction,E散人chloeprice,2026-08-09 16:40:34.990000,3
tsubasacat/s6e8-smartphone-addiction-gbdt-ensemble-pipeline,S6E8 | Smartphone Addiction GBDT Ensemble Pipeline,tsubasacat,2026-08-09 15:08:34.813000,3
nebukhadnezar234/predicting-smartphone-addiction,Predicting Smartphone Addiction,Muhammad Nebukhadnezar Manthoufani,2026-08-09 14:44:40.617000,0
qwerty1234123424/simple-baseline-catboost,Simple Baseline | Catboost,Qwerty,2026-08-09 13:32:06.413000,2
animeguylrn/submissions-playground-series-s6e8,Submissions Playground Series - S6E8,Paras Gaur,2026-08-09 13:02:51.810000,5
chakrabhuanavdeva/smartphone-prediction-ffaxgb-model,Smartphone-Prediction-FFAXGB-Model,Chakrabhuana V  Deva,2026-08-09 11:57:40.720000,0
chakrabhuanavdeva/smartphone-prediction-ffa-model,Smartphone-Prediction-FFA-Model,Chakrabhuana V  Deva,2026-08-09 11:08:59.240000,4
abidhasan0720/predicting-smartphone-addiction,predicting-smartphone-addiction,Abid Hasan,2026-08-09 10:46:40.417000,1
abeeralzebda/predicting-smartphone-addiction-catboost,Predicting Smartphone Addiction-CatBoost,ABeer AZ,2026-08-09 09:52:36.717000,1
aumpatel131/kaggle-s6e8,kaggle_s6e8,Aum Patel 131,2026-08-09 09:27:29.687000,0
z4y4zz/baselinexgb-playgrounds6e8,BaselineXGB - PlaygroundS6E8 ,Nayan Pal,2026-08-09 08:26:19.363000,4
mayankgariyamldev/addiction,addiction,Mayank Gariya ML,2026-08-09 08:16:35.357000,0
gauravduttaiiitb/ex51-s6e8-flaml-ap,Ex51 : S6E8 : FLAML : ap,Gaurav Dutta,2026-08-09 07:48:40.470000,1
gauravduttaiiitb/ex51-s6e8-flaml-log-loss,Ex51 : S6E8 : FLAML : log_loss,Gaurav Dutta,2026-08-09 07:47:11.677000,0
gauravduttaiiitb/ex51-s6e8-flaml-accuracy,Ex51 : S6E8 : FLAML : accuracy,Gaurav Dutta,2026-08-09 07:43:55.280000,1
gauravduttaiiitb/ex51-s6e8-flaml-roc-auc-weighted, Ex51 : S6E8 : FLAML : roc_auc_weighted,Gaurav Dutta,2026-08-09 07:42:48.223000,1
gauravduttaiiitb/ex151-s6e8-flaml-roc-auc,Ex151 : S6E8 : FLAML : roc_auc,Gaurav Dutta,2026-08-09 07:25:12.553000,1
aslamsayyad1/version-5,version_5,Aslam Sayyad ,2026-08-09 07:20:01.930000,0
wesleyhuan/s6e8-multi-model-compare,S6E8_multi_model_compare,wesley,2026-08-09 06:13:46.957000,1
beicicc/s6e8-aug-6-fixed-schedule-lookup-audit,S6E8 Aug 6 Fixed-Schedule Lookup Audit,Kun Zhang,2026-08-09 05:56:35.233000,4
dariushafshar/lb-0-97055-vs-0-97086-the-level-2-member-trap,LB 0.97055 vs 0.97086: the level-2 member trap,Dariush Afshar,2026-08-09 05:22:56.790000,6
mariusborel/predict-smartphone-addiction,Predict Smartphone Addiction,Marius,2026-08-08 23:02:49.143000,2
dariushafshar/the-other-third-of-gaming-hours-accounted-for,"The other third of gaming_hours, accounted for",Dariush Afshar,2026-08-08 21:33:35.570000,1
dariushafshar/what-the-public-leaderboard-cannot-tell-you,What the public leaderboard cannot tell you,Dariush Afshar,2026-08-08 21:33:27.377000,1
gauravduttaiiitb/ex51-s6e8-flaml-f1,Ex51 : S6E8 : FLAML : f1,Gaurav Dutta,2026-08-08 21:10:24.737000,1
gauravduttaiiitb/ex51-s6e8-flaml-roc-auc,Ex51 : S6E8 : FLAML : roc_auc,Gaurav Dutta,2026-08-08 21:02:38.790000,1
amanatar/tabm-advanced-feature-engineering-s6e8,TabM Advanced Feature Engineering S6E8,Aman Atar,2026-08-08 19:31:38.197000,1
docxian/ps-s6-e09-smartphone-addiction,📴PS S6/E09 - Smartphone Addiction,Chris X,2026-08-08 18:47:46.160000,1
rugvedbane/s6e8-13-fe-features-xgboost-optuna-0-96602,S6E8 | 13 FE Features + XGBoost + Optuna | 0.96602,Rugved Bane,2026-08-08 14:58:09.067000,20
zqx960151285/predicting-smartphone-addiction,Predicting Smartphone Addiction,永远喜欢薇尔莉特·伊芙加登,2026-08-08 14:06:48.647000,2
stpeteishii/smartphone-oof-optimized-ensemble-blending2,Smartphone OOF-Optimized Ensemble Blending2,stpete_ishii,2026-08-08 10:33:43.600000,2
narendra2809/tps-s6e8-gpu-ensemble-complete-eda-auc-0-9659,TPS S6E8|GPU Ensemble(Complete EDA)|AUC 0.9659🏆,Narendra2809,2026-08-08 10:19:57.077000,3
gauravduttaiiitb/ex66-s6e8-flaml-roc-auc,Ex66 : S6E8 : FLAML : roc_auc,Gaurav Dutta,2026-08-08 09:53:42.213000,1
gauravduttaiiitb/ex72-fe-s6e8-flaml-roc-auc, Ex72: FE+S6E8 : FLAML : roc_auc,Gaurav Dutta,2026-08-08 09:35:30.853000,1
gauravduttaiiitb/ex69-s6e8-flaml-roc-auc,Ex69 : S6E8 : FLAML : roc_auc,Gaurav Dutta,2026-08-08 09:08:18.060000,1
sofiagilka/s6e8-eda-xgb-lgb-catboost,S6E8 | EDA | XGB + LGB + CatBoost,Sofia_Gilka,2026-08-08 08:48:16.357000,6
gauravduttaiiitb/ex69-s6e8-flaml-micro-f1,Ex69 : S6E8 : FLAML : micro_f1,Gaurav Dutta,2026-08-08 08:39:09.933000,1
anvitasreddy/predicting-smartphone-addiction,Predicting Smartphone Addiction,Anvita S Reddy,2026-08-08 07:29:48.557000,2
gauravduttaiiitb/ex1-s6e8-flaml-macro-f1,Ex1 : S6E8 : FLAML : macro_f1,Gaurav Dutta,2026-08-08 06:42:01.957000,3
ravi20076/playgrounds6e8-public-l2stack-v1,PlaygroundS6E8|Public|L2Stack|V1,Ravi Ramakrishnan,2026-08-08 05:36:30.160000,18
ravi20076/playgrounds6e8-datacollation-v1,PlaygroundS6E8|DataCollation|V1,Ravi Ramakrishnan,2026-08-08 05:33:09.393000,6
abhishekgupta56447/smartphone-addiction-prediction-roc-auc-0-96547,Smartphone Addiction Prediction | ROC AUC 0.96547,Abhishek Gupta,2026-08-08 05:25:03.960000,3
miyinks/stacking-phone-addiction,stacking_phone_addiction,MIYINKS,2026-08-08 03:37:19.307000,0
narendra2809/tps-s6e8-gpu-ensemble-eda-auc-0-965,TPS S6E8 | GPU Ensemble + EDA| AUC 0.965 🏆,Narendra2809,2026-08-08 03:04:56.157000,3
xuanxuan496/smartphone-addiction-feature-distribution,Smartphone Addiction - Feature distribution,xuanxuan496,2026-08-08 02:08:48.753000,4
vladstud716373618/5-features-logistic-regression-0-945-roc-auc,5 Features + Logistic Regression = 0.945 ROC AUC,Vlad Studennykov,2026-08-07 21:44:41,1
anujsaha0123456789/s6e8-lgbm-xgb-catboost-blend-0-9656-lb,S6E8: LGBM+XGB+CatBoost Blend (0.9656 LB),Anuj Saha,2026-08-07 20:39:04.880000,3
sisiravk/notebookfe9ed60365,notebookfe9ed60365,Sisira Vk,2026-08-07 19:15:24.597000,0
enricomanosperti/predicting-smartphone-addiction-eda-baseline,Predicting Smartphone Addiction - EDA & Baseline,Enrico Manosperti,2026-08-07 19:12:59.977000,1
aslamsayyad1/version-4,version_4,Aslam Sayyad ,2026-08-07 17:21:25.670000,1
harharharhar/phone-addiction-shap,Phone addiction|📱 SHAP,Erik.M,2026-08-07 17:09:48.460000,2
yhay81/smartphone-addiction-api-python-baseline,Smartphone Addiction - API Python Baseline,Yusuke Hayashi,2026-08-07 15:57:20.787000,2
shashwat1729/s6e8-screen-blind-gbm,S6E8 Screen-Blind GBM,Shashwat Bajpai,2026-08-07 15:46:21.937000,1
shashwat1729/s6e8-lookup-pair-transformer,S6E8 Lookup-Pair Transformer,Shashwat Bajpai,2026-08-07 15:46:11.880000,2
lucifer19/smartaddict-oof-signal-forge,🧠⚡ SmartAddict — OOF Signal Forge ,Krizsó Gergely,2026-08-07 14:04:59.853000,11
mitgajera/addiction,addiction,Meet Gajera,2026-08-07 13:42:11.547000,2
muhammadf4h33m/s06e08-original-data-lightgbm-0-96169,S06E08 Original Data | LightGBM 0.96169,Muhammad Faheem,2026-08-07 10:18:58.670000,0
yashpalthakor/tabresnet-for-smartphone-addiction-prediction,TabResNet for Smartphone Addiction Prediction,Yashpalsinh Thakor,2026-08-07 09:51:22.870000,0
shashwat1729/s6e8-knn-target-gbm,S6E8 KNN-Target GBM,Shashwat Bajpai,2026-08-07 09:25:38.220000,0
dariushafshar/fork-this-the-0-9708-stack-as-one-config-cell,Fork this: the 0.9708 stack as one config cell,Dariush Afshar,2026-08-07 08:08:15.623000,2
dariushafshar/price-a-new-stack-member-vs-74-oofs-lb-0-97077,Price a new stack member vs 74 OOFs - LB 0.97077,Dariush Afshar,2026-08-07 07:32:51.047000,2
muhammadf4h33m/eda-fe-predicting-smartphone-addiction,EDA & FE | Predicting Smartphone Addiction,Muhammad Faheem,2026-08-07 06:58:53.353000,7
dariushafshar/exact-values-fail-as-lookup-keys,Exact values fail as lookup keys,Dariush Afshar,2026-08-07 06:49:43.227000,0
amandubal/predicting-smartphone-addiction-ipynb,Predicting Smartphone Addiction.ipynb,Aman Dubal,2026-08-07 05:34:32.300000,1
dynamo14324/s6e8-ultimate-ensemble-stacking-50-models,S6E8 Ultimate Ensemble Stacking 50 Models,Yogesh Jadhav,2026-08-07 04:49:18.640000,3
