ref,title,author,lastRunTime,totalVotes
raykkretzschmar/why-every-s6e8-notebook-above-0-97110-overfits,Why Every S6E8 Notebook Above 0.97110 Overfits,Rayk Kretzschmar,2026-08-19 11:36:55.897,59
adarsh1077/s6e8-diversity-beats-strength,S6E8 Diversity Beats Strength,AdarshAleti,2026-08-19 10:46:14.163,51
szymonkapiski/s6e8-honest-oof-blend,S6E8 honest OOF blend,Szymon Kłapiński,2026-08-04 12:42:13.953,51
georgymamarin/s6e8-why-gaming-hours-helps-but-adds-nothing-new,S6E8: why gaming_hours helps but adds nothing new,Georgy Mamarin,2026-08-18 07:31:36.357,46
tomasa2/s6e8-what-moved-the-score-and-what-didn-t,"S6E8: What Moved the Score, and What Didn't",tomasa2,2026-08-20 17:15:17.623,42
vh10935cse20/mobile-addiction-lgbm,Mobile Addiction || LGBM,SARANG,2026-08-18 16:11:25.473,37
anthonytherrien/predicting-smartphone-addict-nn-residual-network,Predicting Smartphone Addict | NN Residual Network,AnthonyTherrien,2026-08-17 10:24:55.217,35
daniilkrasnovvv/s6e8-top-1-public-0-97099,[S6E8] TOP-1 PUBLIC 0.97099🔥🔥🔥,Krasnov Daniil,2026-08-13 06:48:43.383,35
donmarch14/s6e8-lgbm,S6E8: LGBM,Don Mani,2026-08-04 03:09:55.667,23
donmarch14/s6e8-catboost,S6E8: CatBoost,Don Mani,2026-08-04 08:39:51.397,21
devashish001/predicting-smartphone-addiction,predicting-smartphone-addiction,Devashish,2026-08-19 02:51:07.273,19
ravi20076/playgrounds6e8-public-l2stack-v1,PlaygroundS6E8|Public|L2Stack|V1,Ravi Ramakrishnan,2026-08-08 05:36:30.160,18
ern711/contextualized-deep-univariate-spline-transformer,Contextualized Deep Univariate Spline Transformer,Ern711,2026-08-15 17:47:16.697,17
jek1wantaufik/predicting-smartphone-addiction,Predicting smartphone addiction,Jeki Wan Taufik,2026-08-03 08:43:25.227,17
omidbaghchehsaraei/tabm-for-predicting-smartphone-addiction,TabM for Predicting Smartphone Addiction,OMID BAGHCHEH SARAEI,2026-08-02 00:29:45.990,16
nawfeelrahman1124444/realmlp-0-97014,🔥RealMLP --> 0.97014 ✅,(ノ◡ <),2026-08-02 13:15:29.823,15
vladstud716373618/s6e8-catboost-feature-ablation-600-11-best,S6E8: CatBoost Feature Ablation (600+ -> 11 best),Vlad Studennykov,2026-08-15 10:13:54.483,14
cv13j0/smartphone-addiction,Smartphone Addiction,C4rl05/V,2026-08-04 01:13:34.227,12
pavloivanin/baseline,🚀 Baseline,Pavlo Ivanin,2026-08-02 00:11:31.987,10
factualexplorer/baseline-lgbm-xgb-cb-rank-averaged-oof-tuned,"Baseline:LGBM+XGB+CB, Rank Averaged OOF-tuned",Factual Explorer,2026-08-19 08:27:46.867,9
ern711/multi-level-deep-univariate-spline-transformer,Multi-Level Deep Univariate Spline Transformer,Ern711,2026-08-17 12:50:43.153,9
thuandao/smartphone-addiction,📱 Smartphone Addiction ⚠️,Đào Minh Thuấn 🎖️,2026-08-15 15:07:30.630,9
jimgruman/addiction,📱Addiction,Jim Gruman,2026-08-13 20:02:48.240,9
sarveshchhetri/the-lookup-key-trick-minus-the-neural-net,"The Lookup-Key Trick, Minus the Neural Net",Sarvesh Chhetri,2026-08-13 15:58:25.253,8
gentralgresham/predicting-smartphone-addiction,Predicting_Smartphone_Addiction,Gentral Gresham,2026-08-17 22:16:10.730,7
kitopl/max-bin,【日本語】max_bin の最適値は値の種類の数で決まる,kito_pl,2026-08-18 14:11:34.400,6
ravi20076/playgrounds6e8-datacollation-v1,PlaygroundS6E8|DataCollation|V1,Ravi Ramakrishnan,2026-08-08 05:33:09.393,6
nikita7364777/rank-gauss-logit-rank-blending,Rank-Gauss + logit-rank blending,r0tor,2026-08-20 10:11:56.303,5
yadoy666/94-verified-oof-gpu-accelerated-meta-stack,94 Verified OOF GPU-Accelerated Meta Stack,Suharyadi,2026-08-17 04:32:38.960,5
helenylmaz/smartphone-addiction-prediction,Smartphone Addiction prediction,Helen,2026-08-14 13:57:09.763,5
christopherarzate/predicting-smartphone-addiction,Predicting Smartphone Addiction ,Christopher Arzate-Benitez,2026-08-14 02:21:30.103,5
sdeogade/predicting-smartphone-addiction,Predicting Smartphone Addiction 📞📱,Sahil Deogade,2026-08-13 13:11:36.280,5
engineerfrabbi/predicting-smartphone-addiction,Predicting Smartphone Addiction,Shah Muhmmad Fazle Rabbi,2026-08-06 08:07:37.547,5
santoshyadavaiexpert/smartphone-addiction-prediction,Smartphone_Addiction_Prediction,Santosh Yadav,2026-08-04 06:41:25.693,5
sarveshchhetri/zero-extra-libraries-one-model,"Zero Extra Libraries, One Model",Sarvesh Chhetri,2026-08-18 16:11:59.807,4
echloeprice/phone-addict,phone addict,E散人chloeprice,2026-08-12 09:15:29.507,4
pratishchaudhary/smartphone-addiction,smartphone_addiction,Pratish Chaudhary,2026-08-04 12:14:15.697,4
atifkhan12/smartphone-addiction,smartphone addiction,Muhammad Atif,2026-08-19 06:26:07.077,3
obiaf88/predicting-smartphone-addiction-pytorch,Predicting Smartphone Addiction - PyTorch,De Marchi Fabio,2026-08-18 14:24:39.213,3
mdnaimislam165436/predicting-smartphone-addiction,Predicting Smartphone Addiction,Md Naim,2026-08-12 12:11:20.317,3
echloeprice/phone-addiction-prediction,phone addiction prediction,E散人chloeprice,2026-08-09 16:40:34.990,3
mdshafayeturrahman/predicting-smartphone-addiction,Predicting Smartphone Addiction,MD Shafayetur Rahman,2026-08-05 08:14:38.467,3
navazshfathi/predicting-smartphone-addiction,Predicting Smartphone Addiction,navazsh fathi,2026-08-03 16:59:51.830,3
cdeotte/basic-eda-smartphone-addiction,Basic EDA - Smartphone Addiction,Chris Deotte,2026-08-20 15:35:28.143,2
adarsh1077/s6e8-my-best-cv-model-scored-worse-on-the-lb,S6E8 My Best CV Model Scored Worse on the LB,AdarshAleti,2026-08-20 12:56:30.523,2
mohamedabder/01-eda-predicting-smartphone-addiction,01_EDA_Predicting_Smartphone_Addiction,Mohamed Abderrahmani,2026-08-19 10:44:45.653,2
ojaspadhye/smartphoneaddiction-bit,SmartPhoneAddiction Bit,Ojas padhye,2026-08-19 09:09:35.417,2
alpharapto/smartphones-prediction,SmartPhones Prediction,Naman Jain,2026-08-19 07:36:37.223,2
dariushafshar/how-much-does-one-more-model-buy-you-lb-97109,How Much Does One More Model Buy You? LB .97109,Dariush Afshar,2026-08-19 05:20:40.787,2
kitopl/max-bin-raise-it-to-your-distinct-value-count,max_bin: raise it to your distinct-value count,kito_pl,2026-08-18 14:11:36.843,2
francescoliveras/playground-s6e8-smartphone-addiction,playground  😯s6e8😯 smartphone-addiction,Francesc Oliveras,2026-08-18 11:05:37.600,2
lavanyabacche/predicting-smartphone-addiction-01,Predicting Smartphone Addiction 01,Lavanya Bacche,2026-08-18 08:47:02.740,2
ananyamaurya/predicting-smartphone-addiction,Predicting Smartphone Addiction,Ananya Maurya,2026-08-18 07:36:58.257,2
lavanyabacche/predicting-mobile-addiction-0011,Predicting mobile addiction 0011,Lavanya Bacche,2026-08-16 15:02:55.177,2
destroyer123787/predicting-smartphone-addiction,Predicting Smartphone Addiction,destroyer@123787,2026-08-16 13:37:14.057,2
yusufmurtaza01/s6e8-analytics,s6e8| Analytics,Yusuf Murtaza,2026-08-15 11:36:22.923,2
stephentarter/ps-s06e08-model-visualizer,ps_s06e08_model_visualizer,Stephen Tarter,2026-08-14 21:26:33.200,2
charlottetu/predicting-smart-phone-addiction,Predicting smart phone addiction,charlotteamy,2026-08-14 15:15:51.500,2
leneen/ols-from-matrix-math-to-prediction,OLS: From Matrix Math to Prediction,Leneen,2026-08-14 14:56:15.833,2
shivamgravity/pgs-s6e8-baseline-logistic-regression,pgs-s6e8-baseline-logistic-regression,Shivam,2026-08-14 10:15:10.847,2
mohankrishnathalla/s6e8-realmlp-oof-saver,S6E8 | RealMLP | OOF Saver,Mohan Krishna Thalla,2026-08-14 05:25:15.987,2
tejaswagupta/predicting-smartphone-addiction,Predicting Smartphone Addiction,Tejaswa Gupta,2026-08-14 05:25:02.887,2
aarontauro/smartphone-addiction,smartphone addiction,Aaron Tauro,2026-08-12 18:34:15.557,2
fall2fire/smartphone-addiction-prediction-score-0-96692,Smartphone Addiction Prediction📱| Score 0.96692,Pranav Uniyal,2026-08-12 18:16:41.753,2
vladstud716373618/s6e8-stress-level-is-useless-a-statistical-test,S6E8: stress_level is useless. A statistical test,Vlad Studennykov,2026-08-11 12:56:50.193,2
cv13j0/doomscroll-detector-v3,Doomscroll Detector v3,C4rl05/V,2026-08-10 04:53:06.297,2
lonnieqin/s6e8-with-tensorflow-5-fold-pipeline,S6E8 with TensorFlow 5-Fold Pipeline,Lonnie,2026-08-09 20:09:36.897,2
mariusborel/predict-smartphone-addiction,Predict Smartphone Addiction,Marius,2026-08-08 23:02:49.143,2
zqx960151285/predicting-smartphone-addiction,Predicting Smartphone Addiction,永远喜欢薇尔莉特·伊芙加登,2026-08-08 14:06:48.647,2
anvitasreddy/predicting-smartphone-addiction,Predicting Smartphone Addiction,Anvita S Reddy,2026-08-08 07:29:48.557,2
harharharhar/phone-addiction-shap,Phone addiction|📱 SHAP,Erik.M,2026-08-07 17:09:48.460,2
yhay81/smartphone-addiction-api-python-baseline,Smartphone Addiction - API Python Baseline,Yusuke Hayashi,2026-08-07 15:57:20.787,2
shashwat1729/s6e8-lookup-pair-transformer,S6E8 Lookup-Pair Transformer,Shashwat Bajpai,2026-08-07 15:46:11.880,2
mitgajera/addiction,addiction,Meet Gajera,2026-08-07 13:42:11.547,2
makthanithin/s6e8-addiction-lb-0-97086,S6E8 Addiction LB 0.97086 ✅,Nithin maktha,2026-08-06 20:20:17.040,2
keyadobriyal/smartphone-addiction,Smartphone_Addiction_,Keya Dobriyal,2026-08-06 11:57:57.470,2
thaanismohamed/decision-tree-own-predicting-smartphone-addiction,Decision Tree Own(Predicting Smartphone Addiction),thaanis-mohamed,2026-08-05 11:31:59.597,2
nuzhatbintenazim/s6e8-lightgbm,S6E8 LightGBM,রোদশী,2026-08-04 06:20:01.273,2
bnzn261029/eda-lightgbm-baseline-roc-auc,EDA + LightGBM Baseline (ROC AUC),bsenst,2026-08-03 19:28:26.737,2
nuzhatbintenazim/s6e8-simple-solution-with-feature-engineering,S6E8 Simple Solution with Feature Engineering,রোদশী,2026-08-03 19:10:15.980,2
beicicc/s6e8-seed-diversity-residual-audit,S6E8 Seed Diversity Residual Audit,Kun Zhang,2026-08-03 08:34:10.347,2
abdullahsafwan333/s6e8-ft-transformer-sap,S6E8: FT-Transformer | SAP,AbdullahSafwan333,2026-08-03 06:22:54.820,2
keyadobriyal/smart-phone-addiction-nn-v2,Smart_Phone-Addiction-NN_V2,Keya Dobriyal,2026-08-03 02:53:30.423,2
thomasmeiner/smartphone-addiction-with-bluecastai,Smartphone addiction with BlueCastAI,Thomas Meißner,2026-08-02 20:37:15.287,2
abdullahsafwan333/s6e8-feature-engineering-sap,S6E8: Feature engineering | SAP,AbdullahSafwan333,2026-08-02 14:55:05.137,2
gauravduttaiiitb/ex1-s6e8-flaml-micro-f1,Ex1 : S6E8 : FLAML : micro_f1,Gaurav Dutta,2026-08-01 20:36:48.660,2
jayashree21f3001265/smartphone,smartphone,Jayashree21f3001265,2026-08-01 18:39:54.827,2
mayank787/addiction-to-mobile,Addiction_To_Mobile,Mayank Garg ☑️,2026-08-20 10:56:54.080,1
rishikeshpaul/smartphone-addiction-prediction-pipeline,Smartphone Addiction Prediction Pipeline,Rishikesh Paul,2026-08-20 09:25:48.153,1
lavanyabacche/s1e8-psa-01,S1E8 PSA 01,Lavanya Bacche,2026-08-20 08:57:49.690,1
mmalam/eda-on-categorical-columns,EDA on Categorical Columns,Mutahar,2026-08-19 17:09:56.500,1
vladstud716373618/logistic-regression-tests,Logistic Regression Tests,Vlad Studennykov,2026-08-19 15:04:18.487,1
lavanyabacche/predicting-smartphones-lb-0-97117,Predicting Smartphones LB 0.97117,Lavanya Bacche,2026-08-19 08:50:52.863,1
mmalam/shrink-dataset,Shrink Dataset,Mutahar,2026-08-18 15:04:06.567,1
funguscakehead/da-thig,da thig,Funguscakehead,2026-08-17 12:48:27.437,1
mostafamomeni/notebook546aa9afd1,notebook546aa9afd1,Mostafa Momeni,2026-08-17 12:37:36.583,1
poojapuri/smartphone-addiction-prediction,Smartphone Addiction Prediction,Pooja Puri,2026-08-17 04:59:04.350,1
rithvikmuthyapu/s6e8-data-visualization-and-prediction-w-tf-ann,S6E8: Data Visualization and Prediction w/ TF ANN,Rithvik Muthyapu,2026-08-15 19:16:37.910,1
gauravduttaiiitb/ex996-s6e8-flaml-roc-auc-weighted,Ex996 : S6E8 : FLAML : roc_auc_weighted,Gaurav Dutta,2026-08-15 19:14:59.500,1
gauravduttaiiitb/ex999-s6e8-flaml-roc-auc-weighted, Ex999 : S6E8 : FLAML : roc_auc_weighted,Gaurav Dutta,2026-08-15 18:55:13.513,1
gauravduttaiiitb/ex999-s6e8-lazypredict,Ex999 : S6E8 : Lazypredict,Gaurav Dutta,2026-08-15 18:45:48.437,1
adnanik23/s6e8-training,S6E8_training,Adnan Iqbal Kantroo,2026-08-15 13:32:46.607,1
gauravduttaiiitb/ex451-s6e8-flaml-roc-auc-weighted, Ex451 : S6E8 : FLAML : roc_auc_weighted,Gaurav Dutta,2026-08-15 09:38:49.410,1
gauravduttaiiitb/ex351-s6e8-flaml-roc-auc-weighted,Ex351 : S6E8 : FLAML : roc_auc_weighted,Gaurav Dutta,2026-08-15 09:22:39.273,1
aqibrazadev/complete-end-to-end-eda-with-advanced-dl-models,Complete End-to-End EDA with Advanced DL Models,Aqib Raza,2026-08-14 20:03:02.437,1
nikitasem/smartphone-addiction-classification,smartphone-addiction-classification,Nokish,2026-08-13 14:57:47.757,1
daniilkrasnovvv/s6e8-optimized-solution-by-optuna,S6E8: optimized solution by optuna!,Krasnov Daniil,2026-08-12 18:37:10.170,1
dynamo14324/s6e8-advanced-feature-engineering,S6E8 | Advanced Feature Engineering,Yogesh Jadhav,2026-08-12 08:10:21.890,1
rizkisuryanugroho/smartphone-addiction-lightgbm,smartphone_addiction_lightgbm,Rizki Surya Nugroho,2026-08-11 13:36:24.350,1
lavanyabacche/predicting-smartphone-addiction-playground-s6e8,Predicting Smartphone Addiction — Playground S6E8,Lavanya Bacche,2026-08-10 19:52:44.347,1
lavanyabacche/mobile-addiction-lgbm,Mobile Addiction || LGBM,Lavanya Bacche,2026-08-10 19:36:50.857,1
lavanyabacche/tps-s6e8-eda-advanced-feats-weighted-en-1fab70,"TPS S6E8: EDA, Advanced Feats & Weighted En 1fab70",Lavanya Bacche,2026-08-10 19:03:17.507,1
codingmaster24/addiction-prediction-gbm,Addiction prediction gbm,SIVA S,2026-08-09 18:18:27.280,1
akshatx25/notebook872448728e,notebook872448728e,Akshat Maurya,2026-08-09 17:08:32.857,1
aslamsayyad1/version-6,version_6,Aslam Sayyad ,2026-08-09 16:43:16.863,1
abidhasan0720/predicting-smartphone-addiction,predicting-smartphone-addiction,Abid Hasan,2026-08-09 10:46:40.417,1
gauravduttaiiitb/ex51-s6e8-flaml-ap,Ex51 : S6E8 : FLAML : ap,Gaurav Dutta,2026-08-09 07:48:40.470,1
gauravduttaiiitb/ex51-s6e8-flaml-accuracy,Ex51 : S6E8 : FLAML : accuracy,Gaurav Dutta,2026-08-09 07:43:55.280,1
gauravduttaiiitb/ex51-s6e8-flaml-roc-auc-weighted, Ex51 : S6E8 : FLAML : roc_auc_weighted,Gaurav Dutta,2026-08-09 07:42:48.223,1
gauravduttaiiitb/ex151-s6e8-flaml-roc-auc,Ex151 : S6E8 : FLAML : roc_auc,Gaurav Dutta,2026-08-09 07:25:12.553,1
wesleyhuan/s6e8-multi-model-compare,S6E8_multi_model_compare,wesley,2026-08-09 06:13:46.957,1
dariushafshar/the-other-third-of-gaming-hours-accounted-for,"The other third of gaming_hours, accounted for",Dariush Afshar,2026-08-08 21:33:35.570,1
dariushafshar/what-the-public-leaderboard-cannot-tell-you,What the public leaderboard cannot tell you,Dariush Afshar,2026-08-08 21:33:27.377,1
gauravduttaiiitb/ex51-s6e8-flaml-f1,Ex51 : S6E8 : FLAML : f1,Gaurav Dutta,2026-08-08 21:10:24.737,1
gauravduttaiiitb/ex51-s6e8-flaml-roc-auc,Ex51 : S6E8 : FLAML : roc_auc,Gaurav Dutta,2026-08-08 21:02:38.790,1
docxian/ps-s6-e09-smartphone-addiction,📴PS S6/E09 - Smartphone Addiction,Chris X,2026-08-08 18:47:46.160,1
gauravduttaiiitb/ex66-s6e8-flaml-roc-auc,Ex66 : S6E8 : FLAML : roc_auc,Gaurav Dutta,2026-08-08 09:53:42.213,1
gauravduttaiiitb/ex72-fe-s6e8-flaml-roc-auc, Ex72: FE+S6E8 : FLAML : roc_auc,Gaurav Dutta,2026-08-08 09:35:30.853,1
gauravduttaiiitb/ex69-s6e8-flaml-roc-auc,Ex69 : S6E8 : FLAML : roc_auc,Gaurav Dutta,2026-08-08 09:08:18.060,1
gauravduttaiiitb/ex69-s6e8-flaml-micro-f1,Ex69 : S6E8 : FLAML : micro_f1,Gaurav Dutta,2026-08-08 08:39:09.933,1
vladstud716373618/5-features-logistic-regression-0-945-roc-auc,5 Features + Logistic Regression = 0.945 ROC AUC,Vlad Studennykov,2026-08-07 21:44:41.000,1
enricomanosperti/predicting-smartphone-addiction-eda-baseline,Predicting Smartphone Addiction - EDA & Baseline,Enrico Manosperti,2026-08-07 19:12:59.977,1
aslamsayyad1/version-4,version_4,Aslam Sayyad ,2026-08-07 17:21:25.670,1
shashwat1729/s6e8-screen-blind-gbm,S6E8 Screen-Blind GBM,Shashwat Bajpai,2026-08-07 15:46:21.937,1
amandubal/predicting-smartphone-addiction-ipynb,Predicting Smartphone Addiction.ipynb,Aman Dubal,2026-08-07 05:34:32.300,1
harwindersingh766/ps-s6e8-xgboost-te-lb-0-96548,PS S6E8: XGBoost + TE | LB 0.96548,harwinder_singh_766,2026-08-06 19:57:34.267,1
dariushafshar/which-of-your-submissions-should-you-actually-pick,Which of your submissions should you actually pick,Dariush Afshar,2026-08-06 13:51:07.423,1
shashwat1729/s6e8-gpu-clean-v6,S6E8 GPU Clean v6,Shashwat Bajpai,2026-08-05 10:17:07.760,1
dranilkumardubey/nova-sap,NOVA SAP ,Dr Anil Kumar Dubey,2026-08-04 17:12:22.347,1
magurodataanalysis/s6e8-linear-vs-trees,S6E8: Linear vs Trees,TUNA,2026-08-04 11:57:28.977,1
anhadmh/multi-model,multi model,Wondering Luffy,2026-08-03 20:21:48.020,1
rafanikitas/s6e8-gbdt-ensemble,S6E8 | GBDT Ensemble,Nikitas Rafael Nikitas,2026-08-03 15:46:48.167,1
dariushafshar/s6e8-what-actually-helps,s6e8-what-actually-helps,Dariush Afshar,2026-08-02 21:04:07.277,1
harmainmughal11/smartphone-addiction-prediction,Smartphone Addiction Prediction,Harmain Mughal,2026-08-20 17:37:15.883,0
harishyadav0506/notebookbe0d1cfdfb,notebookbe0d1cfdfb,Harish Yadav,2026-08-20 14:49:02.200,0
justcode1/smart-phone-addiction,smart phone addiction,Just Code,2026-08-20 13:46:39.043,0
nurasylserikov/s6e8-eda,S6E8_EDA,Nurasik12,2026-08-20 13:44:32.290,0
raphdraft/target-encoding-without-the-leak-how-to-prove-it,Target encoding without the leak - How to prove it,Raphdraft,2026-08-20 13:27:44.917,0
ramrithikchirra/notebookbb476eb0f4,notebookbb476eb0f4,Ramrithik Chirra,2026-08-20 12:11:17.320,0
shivamgravity/pgs-s6e8-eda,pgs-s6e8-eda,Shivam,2026-08-20 02:31:12.410,0
smit1612/logistic-regression-baseline-0-923-cv-0-926-lb,Logistic Regression Baseline (0.923 CV / 0.926 LB),Smit_1612,2026-08-19 14:02:48.430,0
sowmiya06m/submission-csv,submission.csv,Sowmiya_06M,2026-08-19 12:47:37.433,0
harishyadav0506/notebookf563454554,notebookf563454554,Harish Yadav,2026-08-19 06:26:26.547,0
dynamo14324/smartphone-addiction-championship-v2,Smartphone Addiction Championship V2,Yogesh Jadhav,2026-08-19 03:09:37.060,0
untouchableforest/s6e8-knn-diversifier-v3-raw-knn-output,S6E8 KNN Diversifier v3 (raw KNN output),Maria Startseva,2026-08-18 20:08:48.130,0
parthakkumar/notebooke30b189c20,notebooke30b189c20,parthak,2026-08-18 15:53:10.263,0
hboyang/s6e8-150-member-fusion,S6E8 150-member Fusion,HBoyang ,2026-08-18 09:15:17.277,0
shinak0502/notebook48ddac235f,notebook48ddac235f,Keisuke Shinada,2026-08-18 06:44:12.467,0
tannushreevaishnav/predicting-smartphone-addiction,Predicting Smartphone Addiction,Tannushree Vaishnav,2026-08-17 18:57:40.867,0
stephentarter/ps-s06e08-histgradientboosting,PS-S06E08: HistGradientBoosting,Stephen Tarter,2026-08-17 16:59:55.520,0
junkonno/fork-of-notebookd256aca73c,Fork of notebookd256aca73c,Junkonno,2026-08-17 12:42:38.263,0
secretiveplotter1863/smartphone-addiction,SmartPhone Addiction,Secertive,2026-08-17 09:34:29.483,0
bariankitvinod/predicting-smartphone-addiction-our-ipynb-file,Predicting Smartphone Addiction (our ipynb file),Ankit Bari,2026-08-17 09:11:19.867,0
logeshwari12345/smartphone-addiction,Smartphone Addiction,Logeshwari Somasundaram,2026-08-17 08:55:49.837,0
dynamo14324/smartphone-addiction-eda-baseline,Smartphone Addiction: EDA & Baseline,Yogesh Jadhav,2026-08-17 06:43:12.050,0
sarathsreedharj/mobile-addiction,mobile_addiction,Sarath Sreedhar J,2026-08-17 05:51:33.973,0
dynamo14324/smartphone-addiction-leakage-safe-baseline,Smartphone Addiction Leakage Safe Baseline,Yogesh Jadhav,2026-08-17 05:19:13.047,0
yaminh/smartphone-addiction-prediction-strong-eda-cv-eble,Smartphone Addiction Prediction Strong EDA+CV+EBLE,Yamin Hossain,2026-08-17 04:49:10.677,0
dynamo14324/smartphone-addiction-championship,Smartphone Addiction Championship,Yogesh Jadhav,2026-08-17 04:41:09.563,0
ayaabdalsalam/phone-addiction,phone addiction,aya abdalsalam,2026-08-16 21:39:21.430,0
yadoy666/predicting-smartphone-addiction,Predicting-Smartphone-Addiction,Suharyadi,2026-08-16 13:05:54.167,0
enricomanosperti/smartphone-addiction-eda-baseline,Smartphone Addiction - EDA & Baseline,Enrico Manosperti,2026-08-16 09:07:33.227,0
yeonseokcho/smartphone-addiction-prediction,Smartphone Addiction Prediction,yscho,2026-08-16 03:15:21.440,0
lukemanabubakar/predicting-smartphone-addiction,Predicting Smartphone Addiction,Lukeman Abubakar,2026-08-15 22:13:38.037,0
adityakushwaha007/kaggle-s6e8-predicting-smartphone-addiction-eda,Kaggle S6E8 — Predicting Smartphone Addiction EDA,Aditya Kushwaha,2026-08-15 20:33:09.647,0
bhuvaneshwarpratap12/smartphoneaddiction1,SmartphoneAddiction1,Bhuvaneshwar Pratap,2026-08-15 12:09:25.787,0
tanvicaaa/phone-addiction-v1,phone_addiction_v1,Tanvi,2026-08-15 03:13:12.983,0
junkonno/notebookd256aca73c,notebookd256aca73c,Junkonno,2026-08-15 01:43:37.643,0
reyhanksatria/smartphone-addiction,smartphone addiction,Reyhan Ksatria,2026-08-14 20:22:22.427,0
aadikaggle123/predicting-smartphone-addiction,Predicting Smartphone Addiction,Mahendra Pawar,2026-08-14 14:14:59.707,0
mafaqbhattiofficial/eda-predicting-smartphone-addiction,EDA: Predicting Smartphone Addiction,m afaq bhatti official,2026-08-14 13:42:20.207,0
kitopl/eda-lightgbm-zero-correlation-is-not-no-signal,EDA + LightGBM: zero correlation is not no signal,kito_pl,2026-08-14 11:55:28.397,0
defaultujijk/competition-2,Competition #2,UJ1K,2026-08-14 09:49:58.543,0
pannu22/smartphone-addiction-baseline,smartphone_addiction_baseline,Narpinder Singh,2026-08-14 06:44:43.043,0
ayushmuley/notebookc9fa246ba4,notebookc9fa246ba4,Ayush Muley,2026-08-14 05:24:13.707,0
nicolepatterson8910/notebook07e29767c7,notebook07e29767c7,Nicole Patterson,2026-08-13 15:17:49.520,0
wowtimwow/model-capacity-beat-my-feature-engineering-by-18x,Model capacity beat my feature engineering by 18x,WOWTIMWOW,2026-08-13 15:09:12.843,0
sujeetfz/smartphone-addiction-prediction,Smartphone Addiction prediction,Sujeet Kumar,2026-08-13 13:51:36.457,0
kvishalini/predicting-smartphone-addiction,Predicting Smartphone Addiction ,VISHALINI K,2026-08-13 11:01:28.457,0
nicolepatterson8910/notebooka219999a69,notebooka219999a69,Nicole Patterson,2026-08-13 03:05:42.947,0
mohankrishnathalla/s6e8-tabm-oof-saver,S6E8 | TabM | OOF Saver,Mohan Krishna Thalla,2026-08-12 10:26:40.947,0
mayankgariyamldev/addicition-compitations,addicition compitations,Mayank Gariya ML,2026-08-11 11:52:01.007,0
rv1922/smartphone-eda-analysis,SmartPhone||EDA Analysis,Vishwa,2026-08-11 11:45:00.983,0
rv1922/smartphone-addiction,Smartphone Addiction 📊,Vishwa,2026-08-11 08:57:55.877,0
aslamsayyad1/version-7,version_7,Aslam Sayyad ,2026-08-10 17:01:40.680,0
sergiobuilds/s6e8-feature-engineering-comparison,s6e8-feature-engineering-comparison,sergiobuilds,2026-08-10 05:41:25.817,0
sergiobuilds/s6e8-eda-smartphone-addiction,s6e8-eda-smartphone-addiction,sergiobuilds,2026-08-10 05:13:02.360,0
nebukhadnezar234/predicting-smartphone-addiction,Predicting Smartphone Addiction,Muhammad Nebukhadnezar Manthoufani,2026-08-09 14:44:40.617,0
aumpatel131/kaggle-s6e8,kaggle_s6e8,Aum Patel 131,2026-08-09 09:27:29.687,0
mayankgariyamldev/addiction,addiction,Mayank Gariya ML,2026-08-09 08:16:35.357,0
gauravduttaiiitb/ex51-s6e8-flaml-log-loss,Ex51 : S6E8 : FLAML : log_loss,Gaurav Dutta,2026-08-09 07:47:11.677,0
aslamsayyad1/version-5,version_5,Aslam Sayyad ,2026-08-09 07:20:01.930,0
sisiravk/notebookfe9ed60365,notebookfe9ed60365,Sisira Vk,2026-08-07 19:15:24.597,0
muhammadf4h33m/s06e08-original-data-lightgbm-0-96169,S06E08 Original Data | LightGBM 0.96169,Muhammad Faheem,2026-08-07 10:18:58.670,0
shashwat1729/s6e8-knn-target-gbm,S6E8 KNN-Target GBM,Shashwat Bajpai,2026-08-07 09:25:38.220,0
dariushafshar/exact-values-fail-as-lookup-keys,Exact values fail as lookup keys,Dariush Afshar,2026-08-07 06:49:43.227,0
chihebghraibia/predicting-smartphone-addiction-playground,# 📱 Predicting Smartphone Addiction — Playground ,chihab gheraibia,2026-08-07 00:56:53.027,0
aslamsayyad1/version-3,version_3,Aslam Sayyad ,2026-08-06 17:28:07.360,0
ankitaguptaindia/s6-e8-eda-model-building-hpt,S6 E8 EDA + Model Building + HPT,Ankita Gupta,2026-08-06 16:46:22.917,0
dariushafshar/s6e8-will-your-public-score-survive,S6E8 Will Your Public Score Survive,Dariush Afshar,2026-08-06 07:14:29.820,0
dariushafshar/s6e8-the-missingness-is-the-drift,s6e8-the-missingness-is-the-drift,Dariush Afshar,2026-08-06 07:02:22.570,0
dariushafshar/the-unaccounted-third-is-the-gaming-work-split,The unaccounted third is the gaming/work split,Dariush Afshar,2026-08-06 06:10:13.703,0
hermitsays/predicting-smartphone-addiction-xgb,Predicting Smartphone Addiction || XGB,Chandrashekar,2026-08-05 14:18:11.147,0
aslamsayyad1/version-2,version_2,Aslam Sayyad ,2026-08-05 13:17:29.880,0
babulkumar07/notebook212f18c3fb,notebook212f18c3fb,Babul Kumar,2026-08-05 05:54:57.677,0
dariushafshar/s6e8-catboost-ordered-vs-plain,s6e8-catboost-ordered-vs-plain,Dariush Afshar,2026-08-05 00:07:15.193,0
dariushafshar/s6e8-blending-only-works-when-models-are-close,s6e8-blending-only-works-when-models-are-close,Dariush Afshar,2026-08-04 23:10:34.810,0
aslamsayyad1/version-1,version_1,Aslam Sayyad ,2026-08-04 13:13:05.727,0
