stem,cv,lb,n_sent,gap,fam,set,gap6
w23_ad187stdcorr,0.9701150808744374,0.97116,1,0.0010449191255625,ens4,w23_ad187stdcorr,1044.9191255624999
w21_ad187corr,0.970106881371208,0.97117,1,0.0010631186287919,ens4,w21_ad187corr,1063.1186287919002
w21_ad187corr_ens4,0.9701039330674182,0.97118,1,0.0010760669325818,ens4,w21_ad187corr_ens4,1076.0669325818
w20_ad187_h3,0.9701008149538332,0.97115,1,0.0010491850461668,h3,w20_ad187,1049.1850461668
w20_ad187,0.970097889484853,0.97116,1,0.001062110515147,ens4,w20_ad187,1062.110515147
w20_ad187_rankraw,0.970091529975082,0.97114,1,0.0010484700249181,rankraw,w20_ad187,1048.4700249181
w16n_finegrid,0.9700556964750704,0.97107,1,0.0010143035249294,ens4,w16n_finegrid,1014.3035249293999
w16i_schemeavg,0.9700556662570056,0.97107,1,0.0010143337429945,ens4,w16i_schemeavg,1014.3337429945
w16e_aonly,0.9700544304624676,0.97108,1,0.0010255695375325,ens4,w16e_aonly,1025.5695375325
w16q_ens4avg,0.9700515171213084,0.97108,1,0.0010284828786916,ens4,w16q_ens4avg,1028.4828786916
w16t_cellens4,0.9700513726632268,0.97108,1,0.0010286273367731,ens4,w16t_cellens4,1028.6273367730998
blendtop3,0.970049460405207,0.97105,1,0.0010005395947929,ens4,blendtop3,1000.5395947929
blend159av_wh3,0.9700492569216792,0.97105,1,0.0010007430783206,wh3,blend159av,1000.7430783205999
blend159av_h3,0.9700491721182696,0.97105,1,0.0010008278817302,h3,blend159av,1000.8278817302
w16h_h3av6,0.9700487290113216,0.97105,1,0.0010012709886784,ens4,w16h_h3av6,1001.2709886784
blend160origm_h3,0.970048654980868,0.97105,1,0.001001345019132,h3,blend160origm,1001.3450191320001
blend158_h3,0.9700483189336572,0.97105,1,0.0010016810663429,h3,blend158,1001.6810663429001
blend159av_w,0.9700481784285347,0.97105,1,0.0010018215714652,w,blend159av,1001.8215714652
w14a_repro159av_h3,0.9700472004643722,0.97105,1,0.0010027995356277,h3,w14a_repro159av,1002.7995356276999
blend159_h3,0.9700469365091934,0.97105,1,0.0010030634908065,h3,blend159,1003.0634908065
blend156w,0.970046657295287,0.97105,1,0.0010033427047129,w,blend156w,1003.3427047129
blend156w2,0.970046465909134,0.97105,1,0.001003534090866,w,blend156w2,1003.534090866
blend160orig_h3,0.9700463311228632,0.97105,1,0.0010036688771368,h3,blend160orig,1003.6688771367999
blend156_h3,0.9700461184445184,0.97105,1,0.0010038815554817,h3,blend156,1003.8815554817
w16l_maskw_h3,0.970045740213802,0.97105,1,0.001004259786198,h3,w16l_maskw,1004.2597861979999
blend159av,0.9700448767129296,0.97106,1,0.0010151232870703,ens4,blend159av,1015.1232870703
blend160origm,0.9700442444424164,0.97106,1,0.0010157555575835,ens4,blend160origm,1015.7555575834999
w14a_repro159av,0.9700436164293268,0.97106,1,0.0010163835706733,ens4,w14a_repro159av,1016.3835706732999
blend159,0.9700433779222748,0.97106,1,0.0010166220777252,ens4,blend159,1016.6220777252
blend158,0.97004322665942,0.97106,1,0.0010167733405801,ens4,blend158,1016.7733405801
blend160orig,0.9700423076141412,0.97106,1,0.0010176923858586,ens4,blend160orig,1017.6923858586
blend156,0.9700416046775032,0.97106,1,0.0010183953224968,ens4,blend156,1018.3953224968
blend158_rankraw,0.970036419922286,0.97104,1,0.0010035800777139,rankraw,blend158,1003.5800777139
blend156_rankraw,0.9700360784150184,0.97104,1,0.0010039215849816,rankraw,blend156,1003.9215849816
blend153,0.9700343285733894,0.97104,1,0.0010056714266105,ens4,blend153,1005.6714266105
blend159av_rankraw,0.9700338606526144,0.97102,1,0.0009861393473854,rankraw,blend159av,986.1393473854
blend150sx,0.9700330480936658,0.97104,1,0.0010069519063342,ens4,blend150sx,1006.9519063342001
blend150fx,0.9700319433658622,0.97104,1,0.0010080566341378,ens4,blend150fx,1008.0566341378
blend159av_hybrid,0.9700291725494375,0.97102,1,0.0009908274505623,hybrid,blend159av,990.8274505623
blend158_hybrid,0.9700283333245054,0.97103,1,0.0010016666754945,hybrid,blend158,1001.6666754944999
blend158_rescale,0.9700273730091136,0.97105,1,0.0010226269908865,rescale,blend158,1022.6269908865
blend156_rescale,0.970025114813873,0.97105,1,0.0010248851861269,rescale,blend156,1024.8851861269
stack_pub151_fixed_rankraw,0.9700245019225018,0.97103,1,0.0010054980774981,rankraw,stack_pub151_fixed,1005.4980774981
stack_pub151_hybrid,0.9700242945519818,0.97099,1,0.0009657054480182,hybrid,stack_pub151,965.7054480182
blend150fx_rankraw,0.9700240718313954,0.97102,1,0.0009959281686046,rankraw,blend150fx,995.9281686046
stack_pub151_rankraw,0.970023065836235,0.97102,1,0.000996934163765,rankraw,stack_pub151,996.9341637649999
blend150sx_rankraw,0.970021856854838,0.97102,1,0.0009981431451618,rankraw,blend150sx,998.1431451618
stack_pub149_hybrid,0.9700183101166489,0.97099,1,0.0009716898833511,hybrid,stack_pub149,971.6898833511
blend150sx_hybrid,0.9700160915169684,0.97101,1,0.0009939084830314,hybrid,blend150sx,993.9084830314
blend150fx_hybrid,0.9700142363358246,0.97099,1,0.0009757636641753,hybrid,blend150fx,975.7636641752999
blend150fx_rescale,0.9700125368779352,0.97102,1,0.0010074631220649,rescale,blend150fx,1007.4631220649
blend159av_logit,0.9699647645223464,0.97106,1,0.0010952354776535,logit,blend159av,1095.2354776535
blend158_logit,0.9699613898723588,0.97106,1,0.0010986101276413,logit,blend158,1098.6101276412999
blend150sx_logit,0.9699553831959208,0.97104,1,0.0010846168040791,logit,blend150sx,1084.6168040791001
blend150fx_logit,0.9699498370519284,0.97103,1,0.0010801629480714,logit,blend150fx,1080.1629480714
stack_pub86_hybrid,0.9696778003750686,0.9708,1,0.0011221996249314,hybrid,stack_pub86,1122.1996249314
stack_pub88_mine_logit,0.9696599465172034,0.97081,1,0.0011500534827965,logit,stack_pub88_mine,1150.0534827965
stack_pub74_logit,0.969641351563196,0.97081,1,0.001168648436804,logit,stack_pub74,1168.648436804
