file,sent,cv,rows,md5,stem,fam,std,pred_lb,p_beat
w20_ad187_logit.csv,False,0.9700247998203568,296302,d7fcbac9a8016db5c5231e707d04e489,w20_ad187_logit,logit,False,0.9711578713342304,0.0006262811679009772
blend156.csv,False,0.9700416046775032,296302,03d7ed313c53dffe80a998a5eddf672c,blend156,ens4,False,0.9710528260073916,0.0
blend159av_rescale.csv,False,0.9700286702343646,296302,54b4ca1539168017d8b6c15f7b3ea746,blend159av_rescale,rescale,False,0.9710518942978249,0.0
blend158_h3.csv,False,0.9700483189336572,296302,7aabaa480dd707b1c0f1315e2a5c1733,blend158_h3,h3,False,0.9710516280393828,0.0
w14a_repro159av_rescale.csv,False,0.9700271740621011,296302,6d24188f432bfa33c384e0ddc50625a2,w14a_repro159av_rescale,rescale,False,0.9710490382723149,0.0
blend160origm_rescale.csv,False,0.9700270088294172,296302,a9135b7151582b3be63169b1b306b43a,blend160origm_rescale,rescale,False,0.9710487228616017,0.0
blend159_rescale.csv,False,0.9700258921564706,296302,45b3e2f7b887b57c609cc6919030d293,blend159_rescale,rescale,False,0.9710465912578421,0.0
blend156_rescale.csv,False,0.9700251148138732,296302,0eca17b01d1bde2a97211011c1674658,blend156_rescale,rescale,False,0.9710451073977663,0.0
w14a_repro159av_logit.csv,False,0.969964869765448,296302,ec6f34a8c2fbdbafff4d001febd7e591,w14a_repro159av_logit,logit,False,0.9710434715623427,0.0
blend156_rankraw.csv,False,0.9700360784150184,296302,8e03622cfadd0f76edebca22f11535c6,blend156_rankraw,rankraw,False,0.9710433534355133,0.0
blend159_logit.csv,False,0.9699646622223984,296302,c2c25cc77e8d9062e974e56cf5d2e00a,blend159_logit,logit,False,0.9710430753858738,0.0
blend160orig_rescale.csv,False,0.9700233486631156,296302,edbacdfa69b9e95a7a63fe961356d689,blend160orig_rescale,rescale,False,0.9710417360135067,0.0
blend160origm_logit.csv,False,0.9699635759958648,296302,e1dd25c9a32afa2538daa6fadb4ac2f2,blend160origm_logit,logit,False,0.9710410019009111,0.0
blend160orig_rankraw.csv,False,0.9700342765404696,296302,6616985d547471c1bfb2152056e7b87d,blend160orig_rankraw,rankraw,False,0.9710399138585321,0.0
blend153.csv,False,0.9700343285733896,296302,8b1e0ef0c1057639d9c9c1bdd91746ce,blend153,ens4,False,0.9710389367384413,0.0
blend160origm_rankraw.csv,False,0.970033127076736,296302,05d1090c5040d887ad6f6ea46ba5f82e,blend160origm_rankraw,rankraw,False,0.9710377196608274,0.0
blend156_logit.csv,False,0.9699618031215244,296302,25d63994430899784937f20c65ebe253,blend156_logit,logit,False,0.9710376176820841,0.0
blend160orig_logit.csv,False,0.969961779850316,296302,c17260144e551b0d77c0f22c58e704f3,blend160orig_logit,logit,False,0.97103757325995,0.0
blend159_rankraw.csv,False,0.9700325394457388,296302,2cab356245fe42b16688860a2b11de44,blend159_rankraw,rankraw,False,0.9710365979389778,0.0
blend150sx.csv,False,0.970033048093666,296302,b499ae1bfe43ea63918bc7ae7e8ae408,blend150sx,ens4,False,0.9710364924458653,0.0
blend153_rescale.csv,False,0.9700197991441538,296302,bf165c372200988eace255156f15fb3b,blend153_rescale,rescale,False,0.971034960378808,0.0
blend150fx.csv,False,0.970031943365862,296302,9503e2b0baae4bb124df81956687cd9f,blend150fx,ens4,False,0.9710343836440469,0.0
w14a_repro159av_rankraw.csv,False,0.9700313094207962,296302,5884fc9c17b3dbd0421a6927196be55c,w14a_repro159av_rankraw,rankraw,False,0.9710342499589357,0.0
blend150sx_rescale.csv,False,0.9700170339298694,296302,4d41fc1b28a7eb25b053ce67e07776a9,blend150sx_rescale,rescale,False,0.971029681894017,0.0
blend153_rankraw.csv,False,0.9700266911160214,296302,e0521413092660bdda2e2a39d5084f6e,blend153_rankraw,rankraw,False,0.9710254341316593,0.0
blend150sx_logit.csv,False,0.9699553831959208,296302,2d4c06181559925722c9bdf32a30e544,blend150sx_logit,logit,False,0.9710253627621493,0.0
blend153_logit.csv,False,0.9699540296194336,296302,c2a50193251ad0ca08cc441a25b3c2f0,blend153_logit,logit,False,0.9710227789360273,0.0
stack_pub151_fixed_rankraw.csv,False,0.970024501922502,296302,1f8875b32e9be71826f6cd04b17ada02,stack_pub151_fixed_rankraw,rankraw,False,0.9710212552060833,0.0
blend150fx_rescale.csv,False,0.970012536877935,296302,2edd41f1949dd548fca43cf8f770bcb1,blend150fx_rescale,rescale,False,0.9710210975248513,0.0
blend150fx_rankraw.csv,False,0.9700240718313952,296302,ea9be6ee00b4c7366e9fee6c6be75ac4,blend150fx_rankraw,rankraw,False,0.9710204342102642,0.0
stack_pub151_rankraw.csv,False,0.970023065836235,296302,43db93dd0b383daa8ca45263b392c8b3,stack_pub151_rankraw,rankraw,False,0.9710185138780199,0.0
blend160origm_hybrid.csv,False,0.9700273084068992,296302,6dc1a3d3ed898ee1c718ab7c5b35b426,blend160origm_hybrid,hybrid,False,0.9710176416960332,0.0
blend150sx_rankraw.csv,False,0.970021856854838,296302,8fe618d17dc59684a31e274b28b7b063,blend150sx_rankraw,rankraw,False,0.9710162060677526,0.0
w14a_repro159av_hybrid.csv,False,0.9700258630141788,296302,fa67ed92f6dfce7889652bf297b2fcbe,w14a_repro159av_hybrid,hybrid,False,0.9710148826029913,0.0
blend150fx_logit.csv,False,0.9699498370519284,296302,8a009e7f09a4bf1464e5d0b0e1ac50da,blend150fx_logit,logit,False,0.9710147757935815,0.0
blend160orig_hybrid.csv,False,0.9700254919891136,296302,51360a7fb70afa74384788bf41b19f04,blend160orig_hybrid,hybrid,False,0.9710141743576395,0.0
blend159_hybrid.csv,False,0.9700244514017536,296302,3fb6a5df273509b7cfd476838e106e74,blend159_hybrid,hybrid,False,0.9710121879927547,0.0
stack_pub151_hybrid.csv,False,0.970024294551982,296302,33eb81050c4a90e0cfaeec53a18b57f1,stack_pub151_hybrid,hybrid,False,0.9710118885840837,0.0
blend156_hybrid.csv,False,0.9700230484868538,296302,5e6837ef13b12129819841ad847ea635,blend156_hybrid,hybrid,False,0.9710095099851214,0.0
stack_pub149_hybrid.csv,False,0.9700183101166489,296302,8f849f7fda65dfa4d098ea29200cbd4a,stack_pub149_hybrid,hybrid,False,0.9710004649663675,0.0
blend153_hybrid.csv,False,0.9700168430359332,296302,c3b64bf441c91223cff38c501b5806b9,blend153_hybrid,hybrid,False,0.9709976644733683,0.0
blend150sx_hybrid.csv,False,0.9700160915169684,296302,a5804e17683786b6eb67406d8588f146,blend150sx_hybrid,hybrid,False,0.9709962299077189,0.0
blend150fx_hybrid.csv,False,0.9700142363358244,296302,1d86765ebb7751ce828038dc5b9081b9,blend150fx_hybrid,hybrid,False,0.9709926885744095,0.0
stack_pub88_mine_logit.csv,False,0.9696599465172034,296302,9de140f7542d73b2fb27277b9be308f3,stack_pub88_mine_logit,logit,False,0.9704614071858704,0.0
stack_pub74_logit.csv,False,0.969641351563196,296302,ea43c20912de90fdb58a51ae92a6e441,stack_pub74_logit,logit,False,0.9704259114984403,0.0
stack_pub86_hybrid.csv,False,0.9696778003750685,296302,971ee6f177553d9d4cb87bb379b7ffe0,stack_pub86_hybrid,hybrid,False,0.9703504699543221,0.0
