member,dir,sd_oof,sd_test,ratio,mean_oof,mean_test,min_oof,max_oof,min_test,max_test,ks
bolt_lookup_v1,ext_members2,0.38962944128338184,0.3873379561166123,0.9941188089913798,0.7015560704891135,0.7017346986265589,0.0007797449361532927,0.999968409538269,0.002052061725407839,0.999932587146759,0.09916702109173114
bei_lookup_fixed24,ext_members2,0.3939970111995193,0.3917453832767282,0.994285164966262,0.7107392459253444,0.7107002983499071,0.0005357805639505386,0.9999978542327881,0.0007289791246876121,0.9999963998794555,0.0989418886799932
bolt_fttransformer,ext_members2,3.8343988529409105,3.843924100181417,1.0024841566059828,2.770711040760731,2.7809693041795898,-5.75,7.875,-5.431250095367432,7.65625,0.09600712271094425
bolt_extratrees_support,ext_members2,0.3357046192881806,0.3373976078283493,1.005043089796496,0.7091995216430423,0.708758341153318,0.0,1.0,0.000815384613815695,1.0,0.08830904334827194
mkt_realmlp,ext_members13,0.3334418946774159,0.3308756412067373,0.9923037461349561,0.6869791524556798,0.6867568850642322,0.0078201899304986,0.9839508533477783,0.027471538400277495,0.9585122764110565,0.08509504393915968
golem_g,ext_members,0.3095986666773229,0.3100828111794298,1.0015637809661873,0.6909817785400114,0.6902700656705688,0.02992425300180912,0.9653612375259399,0.04542142013087869,0.9558678418397903,0.08443588275360536
ravi200_publicm13,ext_members16,5.064052471835126,5.075329722397092,1.0022269221388773,3.633673096563474,3.658813229530395,-6.15625,10.4375,-5.9289772510528564,10.05681824684143,0.08158550399949227
om_ftt,ext_members10,0.37421826857085133,0.3741751670923163,0.9998848226231722,0.7151888303032012,0.7149555741083818,0.0008914375212043,0.9999704360961914,0.0016393482655985,0.9999613016843796,0.07075334607673334
bolt_lookup_v2_s81,ext_members2,5.03675637562756,5.04836577014707,1.002304934694814,3.645818887227079,3.6710318558517194,-6.25,10.375,-6.037499904632568,10.125,0.07046843741968123
rf,oof,0.3410030201957379,0.3427136255019639,1.0050163934185805,0.709164326374097,0.7086718690229792,0.0,1.0,0.0008083895271395272,1.0,0.06906662178242196
bolt_lookup_v2_s959,ext_members2,5.065716851670657,5.078551232069338,1.002533576347531,3.6678477064529833,3.693511816715531,-6.21875,10.5625,-5.931250095367432,10.237500190734863,0.06516684709412812
om_cnn,ext_members10es,0.37556626291950096,0.37577720344822074,1.0005616599507101,0.7107894797086146,0.7107551304036582,0.0004692077636718,1.0,0.0014290809631347,0.999755859375,0.06302636060778077
gmm_raw,ext_members9,0.0009529130161007274,0.0013478534619859254,1.414455925370056,0.5001419695430326,0.5001564083595543,0.4744243440335126,0.9999999999999065,0.4908934085663409,0.9999919104167214,0.061368355232793215
bolt_lookup_v2_s42,ext_members2,5.007102587986688,5.018393649023073,1.0022550089274134,3.626304111208123,3.6527785403263766,-6.1875,10.4375,-5.987500190734863,10.125,0.060629009878993445
y94_lookup,ext_members15,0.3819024332050883,0.38232304945441636,1.001101370959588,0.7094395402295414,0.709549368502833,0.0023967308701289603,0.9999646437492582,0.002635754819493741,0.9999526590108871,0.0601483364012092
lookup,oof,0.3819024332050883,0.38232304945441636,1.001101370959588,0.7094395402295414,0.709549368502833,0.0023967308701289603,0.9999646437492582,0.002635754819493741,0.9999526590108871,0.0601483364012092
omid_tabm,ext_members13es,0.37721274442878167,0.37852823521625995,1.003487397514817,0.7048567040632483,0.7050706868877404,7.4820895861194e-06,1.0,3.324043541397259e-05,1.0000000149011612,0.058972446809134604
bolt_realmlp_lattice,ext_members2,0.3787860115021615,0.38000436707259594,1.0032164745619903,0.7026007542253259,0.7025178737727968,2.9960929168737493e-05,0.9999840259552002,0.00016260275151580572,0.999907374382019,0.05844347043193088
bolt_lookup_v3_evidence,ext_members2,6.232428010562573,6.214082125891809,0.9970563824179484,4.521468482480923,4.553226069869591,-7.875,12.4375,-7.550000190734863,12.212499618530273,0.05795755486022325
ravi200_publicm12,ext_members16,0.07427933043277028,0.07428275297313847,1.000046076618465,0.1418699838575118,0.14187452780705836,0.00036369162262417376,0.1999322474002838,0.00036454867093378864,0.19982698559761047,0.05687845419739679
naji05,oof,0.37679008477390435,0.37817317037086795,1.0036707059258037,0.7094676630304333,0.7093194001582022,-0.013759172521531582,1.0218061208724976,-0.0032568806782364845,1.018559217453003,0.05649134694418401
y94_naji05,ext_members15,0.37679008477390435,0.37817317037086795,1.0036707059258037,0.7094676630304333,0.7093194001582022,-0.013759172521531582,1.0218061208724976,-0.0032568806782364845,1.018559217453003,0.05649134694418401
naji03,oof,0.3767000128212532,0.3780937105401415,1.0036997549016533,0.709385019428967,0.7092430154853793,-0.012953872792422771,1.0218592882156372,-0.0030147095676511526,1.0186208486557007,0.05634526219869429
y94_naji03,ext_members15,0.3767000128212532,0.3780937105401415,1.0036997549016533,0.709385019428967,0.7092430154853793,-0.012953872792422771,1.0218592882156372,-0.0030147095676511526,1.0186208486557007,0.05634526219869429
bolt_lookup_v2_s03,ext_members2,5.074669107199586,5.0877801631279675,1.0025836277501878,3.6817434807299985,3.708998350662442,-6.21875,10.4375,-6.037499904632568,10.274999618530273,0.05517175848611633
bei_lookup_fixed24_seed1042,ext_members2,0.39442625709546825,0.3920152501324007,0.9938873061321473,0.7100912692520857,0.7102228671150204,0.000552778656128794,0.9999979734420776,0.0007491363794542849,0.9999967098236083,0.054793250356426015
et,oof,0.33279116856852925,0.3347787697057265,1.0059725176775176,0.7095140473889159,0.7088815993536459,0.0016501425719988594,1.0,0.002490470151655432,1.0,0.05304363479368279
bolt_lookup_v2_s1037,ext_members2,5.015154195667835,5.0281459256226215,1.0025904946184923,3.6359914550984795,3.6615716062719725,-6.125,10.3125,-5.956250190734863,10.125,0.052271198773247485
bolt_lookup_v2_s20260901,ext_members2,5.0210721642874425,5.033622822650936,1.0024995972877586,3.6368507895983093,3.662084228524163,-6.1875,10.3125,-5.956250190734863,10.125,0.051884052497124244
y94_tabm_imp,ext_members15,0.3737766415444084,0.3747634256472992,1.0026400368380795,0.7132073586117056,0.7130751891567649,3.845383253064938e-05,1.0,6.851545822428307e-05,1.0000000149011612,0.04722726280400191
tabm_imp,oof,0.3737766415444084,0.3747634256472992,1.0026400368380795,0.7132073586117056,0.7130751891567649,3.845383253064938e-05,1.0,6.851545822428307e-05,1.0000000149011612,0.04722726280400191
om_tabtrans,ext_members10es,0.36306676289191503,0.3638016596282878,1.002024136636797,0.7004853201077245,0.700689933335278,0.0025405883789062,1.0,0.0058422088623046,0.9993896484375,0.04696346863644851
tabm_deep,oof,0.37767056001798305,0.3784294875436397,1.0020094961217536,0.7105908998981233,0.7106016949244389,5.360101567930542e-06,1.0,9.06489666476773e-05,1.0000000149011612,0.046307483580941056
pub_tabm,oof,0.37721274442878167,0.37852823519822415,1.0034873974670038,0.7048567040632483,0.7050706863956604,7.4820895861194e-06,1.0,3.3240434277104214e-05,1.0,0.04561788943596534
pub_ravi,oof,0.37415298985745554,0.37492858713135296,1.002072941537078,0.7094276715733837,0.7094649053157205,-0.022046562284231186,1.0360854864120483,0.0001546746352687478,1.0231423377990723,0.0453463234364514
knn,oof,0.30153016500122504,0.303589888806225,1.0068309046459467,0.7145195528240906,0.7138332515327039,0.0,1.0,0.002656943174447724,1.0,0.04191941319187942
y94_rmlp_lat,ext_members15,0.33825351719375757,0.33930136748784223,1.003097825272529,0.688401955615805,0.6884111492876558,0.02981560304760933,0.9594922065734863,0.03933156793937087,0.9536627382040024,0.03894654708646206
rmlp_lat,oof,0.33825351719375757,0.33930136748784223,1.003097825272529,0.688401955615805,0.6884111492876558,0.02981560304760933,0.9594922065734863,0.03933156793937087,0.9536627382040024,0.03894654708646206
bolt_tabr_retrieval,ext_members2,0.3403787032196478,0.34109933626518757,1.0021171508050395,0.7123912050697292,0.7115839439102086,0.006020850967615843,0.9999583959579468,0.007895415648818016,0.9999313354492188,0.0376060681374315
y94_tabm_deeper,ext_members15,0.37780027210588246,0.37867836407909305,1.0023242227124827,0.7067923061041729,0.7067104668861789,9.330929060524795e-06,1.0,2.1116563857503934e-05,1.0000000149011612,0.03589918394070912
tabm_deeper,oof,0.37780027210588246,0.37867836407909305,1.0023242227124827,0.7067923061041729,0.7067104668861789,9.330929060524795e-06,1.0,2.1116563857503934e-05,1.0000000149011612,0.03589918394070912
tabm_x12,oof,0.37747734758512164,0.37850752204595245,1.0027291027327103,0.712833502650002,0.7126751277070579,5.380006768973544e-05,1.0,8.840619775583035e-05,1.0,0.034730689268289816
ern711_contextual,ext_members16,0.3783842337424232,0.37707517866014506,0.9965404079622164,0.7072153368626122,0.7073097598548204,0.0041587925516068,0.9979599714279176,0.0048157116,0.99778444,0.03447656675875321
realmlp15,oof,0.30880322537395205,0.31048010809532967,1.005430262975223,0.6883649046458172,0.6882277386857139,0.03035655803978443,0.9617300629615784,0.03772982629016042,0.9586351960897446,0.03188226784947823
mkt_mlp,ext_members13es,0.34841734134339136,0.34871381595865686,1.0008509180803755,0.7111708795654118,0.7105931007245557,8.488479579682462e-06,1.0,1.9198564837452636e-05,1.0000000149011612,0.02468764976274207
rmlp_lat3,oof,0.3379077664760971,0.33909203446251923,1.0035047078046544,0.6885657545044142,0.6885835387011398,0.03752532135695219,0.9551520943641663,0.03894125986844301,0.952882206439972,0.022542389296307697
y94_rmlp_lat3,ext_members15,0.3379077664760971,0.33909203446251923,1.0035047078046544,0.6885657545044142,0.6885835387011398,0.03752532135695219,0.9551520943641663,0.03894125986844301,0.952882206439972,0.022542389296307697
tabm_seed3,oof,0.3767294805817229,0.37788646581385926,1.0030711300595585,0.7078342778545241,0.7077525925599792,2.2384787598639377e-05,1.0000000298023224,7.224679966384428e-05,1.0000000298023224,0.021641658725788826
tabm_bounds,oof,0.3743053620321431,0.3754513500099754,1.0030616392231484,0.7089987156694035,0.7089575388087512,4.6738477976759896e-05,1.0,9.451528803765541e-05,1.0,0.021233272417107818
pub_resnet,oof,0.37422851725740414,0.37470691423331826,1.0012783552130664,0.7106314359919009,0.7102659264588469,1.4600790564145427e-05,1.0,4.025689122499898e-05,1.0,0.017935250462500663
orig_bin,oof,0.4641703354015231,0.4631384118670834,0.9977768429911682,0.505984967867957,0.5201239263802984,3.128929366500746e-05,0.9999953818389224,3.394436451928397e-05,0.9999950186514456,0.017085723818227372
mkt_nn,ext_members2,0.34318779366741015,0.34440895851700826,1.0035582991940022,0.7107878684095004,0.7102836986938009,0.00026961456751450896,1.0,0.0008192767418222502,1.0000000149011612,0.016722882977078135
ad_hgbte,ext_members3,0.3772933446986676,0.37812561014059776,1.002205884237356,0.7060762814308941,0.706134472100789,0.0006607628630647917,0.9999992139141247,0.001688080222690022,0.9999973070198774,0.015804054801999867
tabm_wide,oof,0.3700821093016727,0.37107207291038474,1.0026749836964022,0.7098932871690473,0.709748198550866,2.1194324290263467e-05,1.0,5.820937712996965e-05,1.0000000149011612,0.015679948160997936
y94_pub_tabnet,ext_members15,0.3757732630173755,0.3766388169197937,1.0023033940612698,0.7091962549576388,0.7089527221122547,0.0001307008496951,1.0,0.0002944150219263,0.9999996572732924,0.015411214993406253
pub_tabnet,oof,0.3757732630173755,0.3766388169197937,1.0023033940612698,0.7091962549576388,0.7089527221122547,0.0001307008496951,1.0,0.0002944150219263,0.9999996572732924,0.015411214993406253
realmlp,oof,0.3059830382838237,0.30831715783024655,1.007628264493072,0.6878929543936251,0.6874125125301198,0.026188453659415245,0.9814978837966919,0.03370602987706661,0.9693989157676697,0.01449263707946824
om_flamllgb,ext_members10es,0.2886751345872418,0.28668730784046587,0.9931139661556988,0.5000036160140243,0.5000016874675163,7.232017588266775e-06,1.0,4.049922039000749e-06,0.999875802390804,0.014031720988190832
golem_b,ext_members,0.3418298433766935,0.3434342445811294,1.0046935668009183,0.7110782771625824,0.7105192118756238,2.055506911347038e-06,1.0,7.2589849224868885e-06,1.0000000149011612,0.013955356359390048
orig_binm,oof,0.42198006150381817,0.42798734459355403,1.014235940599486,0.618006727937262,0.6128639721116868,0.00014123214238156368,0.9999972337604763,0.00017572837263408667,0.999997083659786,0.013811424527499477
pub_rmlp,oof,0.3788367306573502,0.380140819408031,1.003442350345538,0.7098416744577838,0.7096531209915724,9.152715210802853e-05,0.9999136924743652,0.00011577236000448465,0.9999006390571594,0.01305140697965168
y94_pub_rmlp,ext_members15,0.3788367306573502,0.380140819408031,1.003442350345538,0.7098416744577838,0.7096531209915724,9.152715210802853e-05,0.9999136924743652,0.00011577236000448465,0.9999006390571594,0.01305140697965168
bolt_ebm_exact,ext_members2,0.3824720012663044,0.3842744098057502,1.0047125241415797,0.6895291642267323,0.6895774668289141,4.2745679820654914e-05,1.0,2.175832742068451e-05,1.0,0.012618734493612505
bolt_gandalf_gflu,ext_members2,4.25451140745786,4.267543522549591,1.0030631284873008,2.993813813728882,3.0100558161160045,-7.31640625,10.5546875,-6.752343654632568,10.118749618530273,0.011675881668876342
nn2,oof,0.28867513209246104,0.2880898788442599,0.9979726232600677,0.5,0.5,3.6160087941333875e-06,0.9999963839912058,4.1511700899757676e-05,0.9989244082051421,0.011330708902023479
w15d_origrep_r,oof,0.350184688018867,0.35441758416567665,1.0120876105998717,0.7335467318750569,0.7330248368964473,0.0004101472711889192,0.9999891002846713,0.0005689892029688737,0.9999858157413313,0.011066965848917976
qda_lat,ext_members9,0.056909195485309885,0.05870414168554382,1.0315405302241052,0.5255521546087438,0.5267392257656937,9.357622968839299e-14,0.8554933759061607,8.362266587594268e-13,0.8364136120386534,0.01059602715703123
ern711_multilevel,ext_members16,0.37951958888729115,0.37949708256827297,0.9999406978725811,0.7066824242461218,0.7068995900386041,0.001376672880724,0.9990135431289672,0.0019685212,0.99877214,0.009723313542546741
bolt_dcnv2_cross,ext_members2,3.9815877005035447,3.9960597088824037,1.0036347330430593,2.789156187867276,2.8045072644328477,-7.0546875,10.3359375,-6.623437404632568,9.818750381469727,0.009500014734097229
et_lat_frac,oof,0.3454639197078071,0.34680028826352544,1.0038683303218716,0.7093954009610927,0.7092669245710309,0.0027866858079372402,1.0,0.0040479091105384895,1.0,0.009315850271657822
fmpure,ext_members,6.939749652337597,6.990394223026908,1.0072977518248445,4.745878967195194,4.836576595352417,-4.9340656995773315,40.06678581237793,-4.606603050231933,39.91122779846192,0.009271937762093674
bolt_neural_5fold,ext_members2,0.34414149256631965,0.34536626610501775,1.0035589243527852,0.7098925744514457,0.709145952005623,3.0674247682327405e-05,1.0,0.00037951531703583896,1.0,0.008540304617308703
ad_glgb127,ext_members3,0.3787403108532293,0.37955754602743536,1.0021577718314827,0.7061577584316949,0.706207037732972,0.00035243467988081684,0.9999992610613802,0.0007655249435496471,0.9999978369980103,0.008365174895916483
bolt_deepfm_exact,ext_members2,5.397489865609453,5.3837569266172105,0.9974556804488429,3.5959900620494896,3.6301194706541926,-10.3508939743042,31.000545501708984,-9.272344589233398,26.318584442138672,0.008240101634867325
ad_glgbd4,ext_members3,0.37866945787726647,0.3795027460228439,1.0022005686707576,0.7048135901391724,0.7049751170021993,0.0001328012866520949,0.9999999873286359,0.0002808632504875562,0.9999999848986562,0.007941900668325452
lexb_xgb_base,ext_members14,0.3883053282170833,0.38871501834625366,1.0010550721285527,0.7099624424356484,0.7097380337011718,5.390880687627941e-06,1.0,1.2351991586001532e-05,1.0000000149011612,0.007828464411177016
naji02,oof,0.37624342779915987,0.37769971571074523,1.0038706002656417,0.709503983709781,0.7093405443559158,0.00024798797676339746,0.9999218583106995,0.000310530886054039,0.9999116063117981,0.007721399095718118
fmnum,ext_members,7.555944310422447,7.582186978632259,1.0034731156201897,5.290222060936372,5.353629439668228,-12.084251642227173,40.41428279876709,-11.169694805145264,40.3748498916626,0.007720260528835676
fmdeep,ext_members,7.688186626172567,7.70133040524848,1.001709607182423,5.2506047565501195,5.306626411578414,-13.279112339019775,37.872490882873535,-10.923035144805908,38.40085411071777,0.007671576411605541
fmwide,ext_members,7.302187725609661,7.333049435002553,1.0042263648310021,4.830424140091104,4.899458422668048,-9.262935638427734,39.0084228515625,-9.732022571563721,40.67443695068359,0.007450429130402281
golem_c,ext_members,0.33432906821750663,0.3378390489289491,1.0104985807251405,0.7099981038217116,0.7090269845755592,0.005098051019305085,0.9999995081257468,0.005106684983386218,0.9999991812535998,0.007292407582156102
linlat,oof,0.37233950734436105,0.3739846451149388,1.0044183809080893,0.704031722404876,0.7043227307527421,7.41788795264037e-05,0.999999977820256,8.70841747603255e-05,0.9999999644406833,0.007115111459511159
ad_logregte,ext_members3,0.3680574999302284,0.36945172310703417,1.0037880580536196,0.7070710065702855,0.7072236515075285,2.7777150529016617e-41,1.0,5.63423339176677e-06,0.999998062014751,0.007109417072773683
ad_gnn_te,ext_members3,0.37543180830319095,0.3750555687028929,0.9989978483655967,0.7017084253476897,0.7025724697166088,3.653263775049709e-05,0.9999964237213135,1.5175259477473446e-05,0.9999881237745285,0.007105453611328638
rff_lat,ext_members8,0.36451792885779816,0.36573733854321633,1.003345266690281,0.7077773476286945,0.7079538582284982,0.000277472741979399,0.9999983000989461,0.00034462255785912114,0.9999960777787067,0.006622716546970331
ad_lgbs7,ext_members3,0.37873837513034275,0.3796123265104199,1.0023075332141254,0.7057760397566998,0.7058120946092123,0.0003484383952702121,0.999999639144124,0.0004841021031817742,0.9999993637563703,0.0066058773897834655
fmplr,ext_members,8.590358485559289,8.58840051455199,0.999772073422711,5.878914550306365,5.9361298256980835,-14.814290046691895,48.67541980743408,-13.215233421325681,42.93632087707519,0.006550739520674309
ad_lgbte,ext_members3,0.37858856986834766,0.37944521493676403,1.0022627335756975,0.7056668876939104,0.7057047799635969,0.00035643757624154935,0.9999994581872242,0.0006922957127363859,0.9999989100727402,0.0064767341572959936
ad_gnn_wide,ext_members3,0.377538520774699,0.3772218655136666,0.9991612637026213,0.6974937901627464,0.6984209796732976,0.00011998604168184102,0.9999992847442627,4.239385907567339e-05,0.9999967217445374,0.00623843808377722
ravi_cb1c,ext_members11es,0.36660101517971755,0.3681742490848336,1.004291406297238,0.7091111694335991,0.7090729766251042,0.00020155214588157833,0.9999980926513672,0.00015644145605619997,0.9999977350234985,0.006217706471807416
golem_e,ext_members,0.3685789769752328,0.3695820189371844,1.0027213759454843,0.711174616336793,0.7109764852218824,2.9986194931552745e-05,1.0,3.802662058660644e-05,1.0000000149011612,0.006076549523256203
pubfe_lgb,oof,0.36862383908730934,0.369515108599674,1.0024178292824777,0.7102905928599068,0.7100893458817565,0.00010659041436156258,0.9999997615814209,0.00029755497234873474,0.9999995827674866,0.006074614535576006
om_xgb2,ext_members10es,0.37787587385433224,0.37905685480535545,1.0031253145086432,0.7103005853296552,0.7101685200625498,5.461994442157447e-05,1.0,6.756143193342723e-05,1.0000000149011612,0.006026872762569413
lgbm_stump_lat_frac,oof,0.38561800464457624,0.3862083023266042,1.0015307835083376,0.6915772658100018,0.6916362735862362,8.44777027672769e-06,0.9999999977939973,2.517803629193416e-05,0.9999999982749086,0.006021183603945213
ad_glgbcs3,ext_members3,0.37759647396143203,0.378500567200707,1.0023943370810378,0.7061625974394555,0.7062421444236227,0.00024778597682198727,0.999999877615385,0.00042521972570983425,0.9999996928680368,0.005976709128345803
ad_lgbnote,ext_members3,0.36935992611879753,0.3702615403863681,1.0024410181067682,0.7103902595392001,0.7101695826198994,0.00013432731374940266,0.999999938272162,0.00022113509997640746,0.999999922731863,0.005793575272982854
imp_lgbm,oof,0.3708809108977571,0.37164671606283173,1.0020648276645485,0.7104957349144351,0.7103232009346706,0.00021613568242173642,0.9999997615814209,0.0003254225302953273,0.9999992251396179,0.0057356480077604965
view_bounds_cat,oof,0.35968108154331757,0.36090732027923245,1.003409238903123,0.7094339539638489,0.7094446552041063,8.262570372671383e-05,0.9999993264515534,0.00017460932699647107,0.9999992163744567,0.005550414310737772
ad_glgbnote2,ext_members3,0.37017641623306663,0.37095696559834024,1.002108587503268,0.7106833981817553,0.7104046909790701,0.0001822698507566359,0.9999998155209121,0.0003367975299955421,0.999999648132578,0.0055370227012672135
bei_realmlp_seed01_fixed4,ext_members2,0.3934815007076918,0.3942286610569939,1.001898844921447,0.6493610761686646,0.650318349605296,0.0032873284650418,0.9958655118675231,0.0040063167903449,0.995126471925354,0.005465458588523209
imp_xgb,oof,0.3708633490305781,0.3717135215348632,1.0022924144607641,0.711173741249691,0.7110017288871525,2.4499047867720947e-05,1.0,7.610617467435077e-05,1.0,0.005344654992335607
gnb_raw,ext_members9,0.02957680423544092,0.02979245034228778,1.0072910550149452,0.510199000005362,0.5104634075425495,9.357622968839333e-14,0.7254149285674811,8.194038702502375e-13,0.7289185773656282,0.005254221110531865
view_resid_lgbm,oof,0.3574387758671739,0.3579720865525298,1.0014920336610433,0.7100449190137885,0.7096145019797148,0.0003695000770761858,0.9999997255602062,0.0008274736320177552,0.9999985210375233,0.005244357315692616
logreg,oof,0.32085989534603787,0.32255314114477174,1.0052772123387617,0.7094139291945044,0.7090262330278705,0.005292249653717286,0.999993945616904,0.004431319058679606,0.9999937433704931,0.005240716654848709
ad_gcatlr02,ext_members3,0.3779448152905329,0.3789973806269448,1.0027849709635592,0.7061408519632177,0.7061974850137304,6.680690356528623e-05,0.9999996152666629,8.773848650898636e-05,0.9999994306412299,0.005211347799528032
xgb_ctfix_r400,ext_members7,0.37154476510842693,0.37279639513298096,1.003368719309472,0.708017391610691,0.7079069173710515,0.0013383509358391166,0.9999300241470337,0.0011768054449930788,0.9999238014221192,0.005207494260262013
imp_lgbm_tuned,oof,0.3717350137455938,0.3725837539069743,1.0022831859523498,0.71064770109908,0.7105396099398685,2.8227446476870946e-05,0.9999999947734881,6.633657306929981e-05,0.9999999882859021,0.005140791863253225
ravi_xgb1c,ext_members11,0.3672033977788738,0.3688264867078217,1.0044201359213056,0.7098052922618872,0.7097291808655264,0.0003215569886378944,0.9999988079071045,0.00037516967859119177,0.9999985694885254,0.005062448708450962
om_cat,ext_members10,0.3751584381112073,0.37634064205831125,1.0031512124665407,0.7093326986184607,0.7096700944447047,8.037700354179833e-06,0.9999891519546508,0.0002129184704244,0.9999848157167436,0.005036899529257677
digit_xgb,oof,0.37098711780817706,0.37183828421653015,1.0022943287448411,0.7116075016407006,0.7113134002479421,2.4870370907592587e-05,1.0,7.843077764846385e-05,1.0,0.005028002671764731
latwide_xgb,oof,0.38146907571389327,0.38218919945334456,1.0018877643963764,0.697996348422897,0.6979565501613835,5.644758130074479e-05,0.9999998807907104,9.075894286070252e-05,0.9999997615814209,0.005013429816238979
bolt_cat_nested_te,ext_members2,0.3799611279640546,0.3811321694682643,1.0030820034419954,0.6989788260013019,0.6988345731751573,3.925466808141209e-05,0.9999991059303284,6.574719736818224e-05,0.9999989867210388,0.004993865537978204
lat_ctdrop_r400,ext_members7,0.3695641965610217,0.37087737711153906,1.003553321893022,0.7080804234610278,0.7079371178258926,0.0028217079646325944,0.9997955522289569,0.0028603674606163167,0.9997835178820027,0.004992054487335196
lat_rawdrop_r400,ext_members7,0.363938804509234,0.3654204249433854,1.0040710702343196,0.7061887495028469,0.7060385139024832,0.0038303875139298117,0.9997595772891635,0.004046739759655377,0.999747264536068,0.00497455910186595
ad_catnative,ext_members3,0.3763397666732398,0.37736087239851573,1.0027132549246716,0.7096389343967388,0.7094519426223446,1.890391479144114e-05,0.9999997091513821,9.00974222531547e-05,0.999999560979653,0.0049304211293083045
lat_ctfixte_r400,ext_members6,0.36765548669598563,0.36899196935103307,1.0036351494902416,0.7097170111851498,0.7095392632562848,0.002650780832248043,0.9997951800925365,0.002423580231504083,0.9997862533358817,0.004919306346066632
bei_identity_digit_enhanced103,ext_members2,0.36458630442410916,0.3657854207635347,1.0032889780139154,0.7097699371985262,0.7096708214333755,0.00018093901499109072,0.9999992411273583,0.00034987602325469656,0.99999879832635,0.00491600766045408
lattri_xgb,oof,0.3821024069497043,0.38283755405199454,1.0019239530788588,0.6967752060887638,0.6967714458270179,7.86998207331635e-05,0.9999998807907104,0.00013275485071062576,0.9999997019767761,0.004912674106108739
lat_ctfix_r400,ext_members6,0.36972992408292615,0.37103732180947957,1.0035360884834958,0.7080281748591359,0.7078589333809026,0.0026491525170104324,0.999793566336926,0.0023658889064755036,0.9997821112289172,0.004906691850962708
tabm_div,oof,0.36422998516539057,0.3656985288132563,1.004031913097981,0.7134148694197304,0.7134260687069617,3.4350781788816676e-05,1.0,3.336029499223514e-05,1.0000000149011612,0.004892578610538267
ravi_lgbm1c,ext_members11,0.3674979487873939,0.36910312231543885,1.0043678435031853,0.7093593446340208,0.7093111396612682,0.0005917345988564193,0.9999937415122986,0.0007847701199352741,0.9999942779541016,0.004889953936603519
kava_cat,ext_members12es,0.36206697691995904,0.3635864624061108,1.0041966972494365,0.709449516580374,0.7092963829037303,0.00021936168195679784,0.9999997615814209,0.0002659214660525322,0.9999998807907104,0.004887926619760119
lat_xgb,oof,0.3824165407051703,0.3832407102498543,1.0021551618639828,0.6956843026009997,0.6957885437795197,5.208714719628915e-05,0.9999998807907104,5.203173259360483e-05,0.9999998509883881,0.004887153971988911
xgb_ctraw_r400,ext_members7,0.3701399412843022,0.37131786960657703,1.003182386419006,0.7063452218873392,0.7063306043368356,0.0014675850979983807,0.999923586845398,0.0015952248591929673,0.999917197227478,0.00488016055288043
ad_gcatnote,ext_members3,0.37678642302405785,0.3777667367129444,1.0026017755125534,0.7091654704346817,0.709012394128175,5.1994860077283865e-05,0.9999995358386004,6.964165767109649e-05,0.9999994772783705,0.004860948998968939
view_resid_xgb,oof,0.3581930924628028,0.3589594363313241,1.0021394713763245,0.7098814262931297,0.709559311077245,0.00031619114452041686,0.9999998807907104,0.0003885867554345168,0.9999997913837433,0.004859717439035904
bolt_tabm_missing,ext_members2,0.34524930518228103,0.34692953390618897,1.0048667113841716,0.708671394357597,0.707852031566144,0.001177158672362566,0.9999967813491821,0.0018585147336125374,0.9999939799308777,0.004835382168181246
hgb,oof,0.36152905428317045,0.36263112983900136,1.003048373409479,0.7096068697701327,0.7093973937772255,0.00031976175459793796,0.9999991053676601,0.0003103212700600752,0.9999982366011164,0.004831578893977784
bolt_tabm_rank1,ext_members2,0.34321964888189643,0.3447505824672578,1.0044605068222308,0.7092988781440233,0.7083692262511759,0.0007109894067980349,1.0,0.0013267515460029244,0.9999998807907104,0.004829740301770968
mkt_xgb,ext_members2,0.3693243093589621,0.3703620605449094,1.0028098642836387,0.7099176777512597,0.7097865504069728,1.5902036466286518e-05,1.0,9.743487498781178e-05,1.0000000149011612,0.00480667811310076
imp_xgb_tuned,oof,0.3690867228724135,0.3701682157645586,1.002930186390148,0.7108823736937583,0.7107642705401013,3.718149309861474e-05,1.0,7.995371561264619e-05,1.0000000149011612,0.004772471754408647
bei_identity_digit_raw12,ext_members2,0.36295122433019267,0.36410506907642864,1.0031790628296278,0.7097957522872026,0.7095554700237793,0.00019000195322473165,0.9999996701239215,0.0002376862379263278,0.9999995396824285,0.004739573068386904
cat_native,oof,0.3628650932379446,0.3641470836047282,1.0035329669088422,0.7090981152828578,0.7089879016604114,0.00021483682670082334,0.9999988196238985,0.000331305252940191,0.9999981915971294,0.004724471236171479
lat_encdrop_r400,ext_members7,0.3407834103330433,0.3427478412347013,1.0057644557865602,0.7095165796139151,0.709012963288991,0.00526715826033232,0.9997320864666196,0.005381930196080399,0.9997058420739637,0.004723943689768695
lexb_lgb02,ext_members14,0.38038727031646896,0.3815650175460857,1.0030961793980038,0.7096024739570712,0.7094846690746083,0.0002434779933870076,0.9999993381564859,0.0002774518410095294,0.9999989624705787,0.00471904482562846
ad_gcatseed7,ext_members3,0.3778906246103266,0.3788056394136388,1.0024213747145905,0.7061922890159161,0.7062216438367444,6.227914036384937e-05,0.9999997511870518,8.696499105890208e-05,0.9999993617182246,0.00469836481625896
latr1_xgb,oof,0.3818020728244191,0.3825019218476866,1.0018330152534016,0.6979097302952834,0.6979449513461059,7.481825014110655e-05,0.9999998807907104,0.00012044657432852546,0.9999996870756149,0.004690389331958311
naji04,oof,0.37442875006923865,0.3759507989036865,1.004064989224696,0.7094316751353059,0.7093053200880458,0.0002158704010071233,0.9999474883079529,0.00024973880499601364,0.9999395608901978,0.0046811510654910515
bolt_cat_dual_seed81,ext_members2,0.3753537667652655,0.3763458956165924,1.0026431834156797,0.7096466094803445,0.7095547212558663,2.7296673579257913e-05,0.9999993443489075,3.358139656484127e-05,0.9999986886978149,0.004626085071955277
bolt_xgb_raw_bag,ext_members2,0.36104307510494554,0.36267666961411155,1.0045246526572795,0.70951607304259,0.7093831222624343,0.00011395206092856824,0.9999997615814209,0.0001418767060386017,0.9999998211860657,0.004623322929396045
lat_ctraw_r400,ext_members6,0.3668410076412487,0.368076738358093,1.0033685730087536,0.7083031544504605,0.7082021717402776,0.003186354627626615,0.9997828306319435,0.003168685972052319,0.999764278316256,0.004591860388018509
mkt_cat,ext_members2,0.3726228162767797,0.3734068016050444,1.0021039649050434,0.7092736819363226,0.7092746130597504,6.135393121929894e-05,0.9999992752080136,7.697326031640437e-05,0.9999990046036097,0.004557120991207975
altview,oof,0.3687537742975258,0.36958924188705566,1.0022656516292516,0.7102509232944801,0.7099795385157271,0.0001816734393957205,0.9999996535421806,0.00024408822580799876,0.9999992870390946,0.004539921221127563
dkv_lgb,ext_members12es,0.3671864547503012,0.36811183209831705,1.002520183781412,0.7101857799592902,0.70985216680856,0.0001317685081393986,0.999999937242647,0.0001943393013224656,0.9999997314072561,0.0045076987141806635
latr1_lgbm,oof,0.3804584762654799,0.3812385694604333,1.0020504029838173,0.6992285162808873,0.6991869619695475,0.0001478667149749889,0.9999995406628137,0.00019390667164568507,0.9999990418704128,0.0045072236636971574
qda_raw,ext_members8,0.025767693828291173,0.02615447374440912,1.015010265128705,0.5065283229875105,0.5068189311541835,9.357622968839299e-14,0.7899237860073334,8.322732639129307e-13,0.7688746886314883,0.004501477152036304
golem_f,ext_members,0.36459547888918603,0.3656355562993851,1.0028526887205729,0.7097134295299492,0.7095851163505302,0.00023861279226714444,0.9999992514112528,0.0004777442619086263,0.999998971552325,0.004469516348524216
bolt_lgb_raw_d4,ext_members2,0.35709504634712363,0.35880353073336485,1.004784396769762,0.7094561976816505,0.709403551045845,0.00010023434879258275,0.9999998807907104,0.0001241998834302649,0.9999998807907104,0.004468092183142147
bolt_xgb_dd_d4,ext_members2,0.3771596803493209,0.3783991409138029,1.0032863018744052,0.7085713778628209,0.7084706108283836,2.957141441584099e-05,1.0,9.454325481783599e-05,1.0,0.004465946191545278
bolt_cat_dual_view,ext_members2,0.37574082030609834,0.3767440507315678,1.002670006481202,0.7088312354043128,0.7087617433342832,4.640752013074234e-05,0.9999995827674866,3.072329855058342e-05,0.9999985098838806,0.004446714306082344
lat_lgbm,oof,0.3812735482013206,0.38208461140097993,1.0021272474932645,0.6962891265413437,0.6964118899490359,0.00013568724145233705,0.9999997862714013,0.00013574118792018073,0.9999992867102406,0.004437772035762677
pub_cat,oof,0.37369848119662646,0.3744405864498172,1.0019858396288217,0.7094731302908897,0.7094995721452458,4.575428e-05,0.9999997,6.633786e-05,0.9999995,0.004413558944596385
bei_xgb_screen_relations_treatment110,ext_members2,0.36459786692300794,0.3660475478177425,1.0039761090951218,0.7096406831132507,0.70948474192955,0.00024797083460725844,0.9999991655349731,0.0003098778397543356,0.9999989986419677,0.0044000070014383885
bolt_foldsafe_te_cat,ext_members2,0.377527743081221,0.37860456511724494,1.002852299084659,0.7072653015233924,0.7072393406556068,6.129875691840425e-05,0.9999996423721313,9.11785100470297e-05,0.9999990463256836,0.004396068308851087
bei_structural,ext_members2,0.36094784880550534,0.3623640941488088,1.0039236841222086,0.7094949397197288,0.7093882804595172,0.0005380237820243525,0.9999961381229924,0.0005481413772803281,0.9999947567885602,0.004389867947169557
digit_cat,oof,0.3741325708996,0.37492548544587895,1.0021193411318678,0.709548675912724,0.7095127791014376,4.94940577482339e-05,0.9999995231628418,7.923197699710727e-05,0.999999463558197,0.004389529716067986
bei_xgb_identity_digit_enhanced103,ext_members2,0.36348414422046926,0.36494952898111777,1.0040314956895608,0.709540026563467,0.7094547127671756,0.00017805673996917903,0.9999991655349731,0.00023467132123187182,0.9999990224838257,0.004377469684095359
bolt_cat_pair_evidence,ext_members2,0.3816627803946868,0.38282817260738267,1.0030534604697128,0.6913416363502585,0.6913013543087885,6.00023013248574e-05,0.9999988675117493,9.000825957627967e-05,0.9999982714653015,0.004370094036700745
cat,oof,0.35682498707033583,0.3583406011784026,1.0042474999312982,0.7095216771285413,0.7092725813155478,6.869889185455468e-05,0.9999984536658073,8.100898563968778e-05,0.9999984435332929,0.004365984480976581
dm_cat,ext_members11es,0.37475453956687316,0.3754912443931315,1.001965832961249,0.7093752764077266,0.7094032761767052,6.4646316e-05,0.9999997,8.478368e-05,0.9999993,0.004345141213886183
ad_gcatd8,ext_members3,0.37792816733438755,0.3786984669986286,1.0020382171291282,0.7065238856339161,0.7065738757173559,5.958744905844757e-05,0.9999994181947641,7.293001210162585e-05,0.9999991472703365,0.004344021387177932
lat_ctfix2000,ext_members7,0.37872818193396085,0.3797143667981938,1.0026039384214744,0.707123382959497,0.7070580861158134,0.0001523646167708675,0.9999984878579433,0.00013700087020952303,0.9999981451401447,0.004341574571605333
xgb_cat_lattice,oof,0.3780246957392627,0.3783440936750549,1.0008449128837142,0.7106241797483628,0.7103529278632796,0.0003266786225140095,0.9999896287918091,0.00041846665408229455,0.9999871253967285,0.004327343129935435
bei_xgb_identity_digit_raw12,ext_members2,0.36096972889880685,0.36240129856313885,1.0039658994916256,0.7095799747650532,0.7093768488218818,0.0001910676946863532,0.9999990463256836,0.00020119226246606559,0.9999990224838258,0.004313250206417929
lat_tedrop_r400,ext_members7,0.33155589266291435,0.3332737540702218,1.0051812121133192,0.7181565140594408,0.7176027121863866,0.007771661023978599,0.999690676286203,0.007713636411242137,0.999667389503241,0.004269113576279682
digit_lgbm,oof,0.3708084094589393,0.3715154945660318,1.0019068745180948,0.7106520286009324,0.7103852461481536,0.00012571628030855209,0.9999996423721313,0.0003149838012177497,0.999999463558197,0.0042612694440526955
ram_hgb,ext_members12,0.3777511816936154,0.3786379993819772,1.0023476238628448,0.7095723769545892,0.709453522577567,0.000442765923038,0.9999981542807098,0.0005407997819541,0.9999976657375595,0.004187524456334524
ravi_realmlp1c,ext_members11es,0.3720920637434997,0.3730979279195626,1.0027032669440548,0.7092321854365183,0.7093113142332347,0.00016727126785553992,0.9999862909317017,0.00016433640848845243,0.9999861717224121,0.004178844753479516
bolt_lgb_pair_lattice,ext_members2,0.37904440576214127,0.38017660503704576,1.0029869832074898,0.7064079539109043,0.7063275902676445,8.953176438808441e-05,0.9999999403953552,0.00013158064393792301,0.9999998807907104,0.004172798203768258
bolt_xgb_dd_d6,ext_members2,0.37841110583256243,0.37946611677643083,1.0027880020633835,0.7089742971166453,0.7088262145080905,6.0768346884287894e-05,0.9999998807907104,0.00012559673632495105,0.9999998807907104,0.004169933822550154
bolt_xgb_dd_d5,ext_members2,0.3778553604185521,0.3790128923994305,1.0030634261205034,0.708885409660399,0.7087493736279408,4.4045351387467235e-05,1.0,0.00010807304352056235,1.0,0.004168970360849622
latmax_lgbm,oof,0.38116309559850386,0.3819150656077455,1.001972830050771,0.6983553060593131,0.6983701483053099,0.00012941522447318436,0.999999546574069,0.00016440781390864256,0.9999989487320331,0.004155736712645464
bolt_cat_unique,ext_members2,0.3582554829203365,0.35947748779786043,1.0034109872305728,0.7091481729578123,0.7087721061135938,9.906204650178552e-05,0.9999990463256836,0.00019493514264468104,0.9999971985816956,0.004150899921976703
bolt_foldsafe_te_xgb_10f,ext_members2,0.3790181305919837,0.38021516557052915,1.003158252552921,0.7078910446056235,0.7077327245310323,7.607112638652325e-05,0.9999998807907104,0.00012514607806224376,0.9999997019767761,0.00414998792131227
view_rank_lgbm,oof,0.3663764185690767,0.3670927520331582,1.0019551844162875,0.7101638309990316,0.7098753018657975,0.0003071940279026626,0.9999995467970888,0.0005672444370847681,0.999999165292409,0.004139439360795749
imp_cat,oof,0.3746560992405649,0.37537684289862366,1.0019237472965734,0.7094426219084369,0.7095318055771844,6.283386028371751e-05,0.9999997019767761,0.00010317428677808493,0.9999995231628418,0.004136710222226836
pub_ryota,oof,0.3623175606252864,0.3636560023199596,1.0036941121273926,0.7095850590105017,0.7094871658036944,0.0002419908685048,0.9999997055879432,0.0002866321175406,0.9999994884534986,0.004134381109983987
pubfe_xgb,oof,0.3691712570781724,0.37009840445756237,1.0025114289414836,0.7099144963373049,0.7097565930828779,5.252574919722974e-05,0.9999998807907104,0.00014559514238499105,0.9999997615814209,0.004122444507370204
lgbm_fixed_lat_frac,oof,0.3792880516565281,0.3801707194578032,1.0023271700688172,0.6981165974862737,0.6981645154593047,0.00024098914544099954,0.9999974999951343,0.000336244911135622,0.9999966123197673,0.00411980226482711
bolt_xgb_hpo_d7,ext_members2,0.3784433438859661,0.379523743748049,1.002854852330045,0.7090501240475123,0.7088940671254558,0.00011688857193803415,0.9999997615814209,0.0001758616417646408,0.9999998211860657,0.004118910468794534
bolt_lgb_raw_d6,ext_members2,0.3610574594309515,0.36245386901526044,1.0038675550049838,0.7095293644459829,0.709533049846352,0.00012644911475945264,0.9999998807907104,0.00015271776646841317,0.9999998211860657,0.004084305328565185
lgbm_fixed_lat,oof,0.3794935250093062,0.38037701737338114,1.0023280828416066,0.6976457528259961,0.697707984817411,0.00027393797363409346,0.9999971299561343,0.00030505959940556,0.999996746085829,0.004062878475165399
lat_ctraw2000,ext_members7,0.3794941488418621,0.380377570708137,1.0023278932467625,0.6976448877918976,0.6977072786966982,0.00027393797363409395,0.9999971299561343,0.00030505959940574606,0.999996746085829,0.004060949945742576
bei_raw12,ext_members2,0.35933807249930977,0.36071662153581424,1.0038363567403705,0.7094779199630559,0.7093294089021986,0.0006288729237518272,0.9999975923452781,0.0006375386543663627,0.9999958224796265,0.004053359467315776
ad_gxgbd4,ext_members3,0.3794427167171532,0.3803060886144833,1.002275368215787,0.7041148166491877,0.7042864372094462,3.380089401616715e-05,1.0,6.209467483131448e-05,1.0000000149011612,0.004027662260759457
golem_d,ext_members,0.3588703152365203,0.3602415841850038,1.0038210709837612,0.7095008856108299,0.7093523394013422,6.443250850561284e-05,0.9999999513518293,0.00021711485946055906,0.9999998844883862,0.004003337372908589
bolt_lgb_missing_global,ext_members2,0.37870551867677804,0.3797666047062975,1.0028018763318447,0.7085588651621897,0.7084617235166869,0.00016644090646877885,0.9999998807907104,0.000258137471973896,0.9999998211860657,0.004001650503379084
bolt_histgb_5fold,ext_members2,0.3605221741981869,0.3617365283416149,1.0033683202597143,0.7094654009944544,0.709436066977711,0.00014536638627760112,0.9999992847442627,0.00021108347573317587,0.9999988675117493,0.0040003965518909945
lgbm_tuned_lat_frac,oof,0.37943951275559623,0.3803135114964573,1.002303394115478,0.698225650873194,0.6982569279293857,0.0002279248215295151,0.9999981619680012,0.000332172070042251,0.9999970616194692,0.003996840360955045
pubmk_nn,oof,0.34287232872941914,0.34481780188075384,1.0056740453758517,0.7101615642002759,0.7098389899553529,0.00018616665329318494,1.0,0.00014177076809573919,1.0,0.003993428965812673
poly2_raw,ext_members8,0.31540863418016407,0.31701945914757196,1.0051071048565137,0.7055162482258166,0.7056903212150001,0.0013482383239009665,0.9999999999999065,0.0010715569713886017,0.9999999999987208,0.0039879235282620495
pub_donlgbm,oof,0.37424780096563687,0.37508041197313163,1.0022247585833408,0.7103776013146185,0.7102620230012991,0.0005640375,0.9999874,0.0007883842,0.99998,0.003980539670142447
lgbm_tuned_lat,oof,0.3794119598211312,0.38028409314674705,1.0022986447923967,0.6978693326505252,0.6979281356497553,0.00029709517632384966,0.9999975673573485,0.00030977708535707217,0.9999966829688032,0.0039732161574342895
bolt_xgb_te_5fold,ext_members2,0.37897758606735854,0.3799375168058525,1.0025329485800338,0.708387559570532,0.7082587025788135,7.874020957387984e-05,0.9999998807907104,0.0001512037415523082,0.9999998211860657,0.0039377388741919095
bolt_lgb_te_5fold,ext_members2,0.3756936189805424,0.37667831602619045,1.0026210108340943,0.7097341966057404,0.7096446279608428,0.00024566843057982624,0.9999997019767761,0.0003816483949776739,0.999999463558197,0.003920436265024918
bolt_xgb_d7_alt2,ext_members2,0.37874430522773644,0.3797923768556963,1.0027672274236035,0.7089300815967755,0.7087456500271111,0.00011118572001578286,0.9999998807907104,0.0001701403089100495,0.9999998211860657,0.003917316560525186
bolt_xgb_d7_alt1,ext_members2,0.37874430522773644,0.3797923768556963,1.0027672274236035,0.7089300815967755,0.7087456500271111,0.00011118572001578286,0.9999998807907104,0.0001701403089100495,0.9999998211860657,0.003917316560525186
ad_gxgbcs4,ext_members3,0.37902268887302015,0.3798551019656107,1.002196209137415,0.7051239929519559,0.7052738577669752,4.9636753828963265e-05,0.9999998807907104,0.00011962932330789044,0.9999998658895493,0.003911923944779572
bolt_xgb_te_4fold,ext_members2,0.3789091638526858,0.37984617105035046,1.0024729071953218,0.7081419147312542,0.7079394202463022,8.543704461771995e-05,0.9999998807907104,0.0001562714169267565,0.9999998211860657,0.0038890488454351724
dkv_xgb,ext_members12es,0.36799449329199163,0.36909217353881824,1.002982871393012,0.7097925697588701,0.709512988744221,5.284332291921601e-05,0.9999998807907104,6.924897843418876e-05,0.9999997466802597,0.003877928965881461
bolt_cat_cpu5,ext_members2,0.3619588241100407,0.36306577364841114,1.0030582195118247,0.7094570730270616,0.7094107245867334,6.142377969808877e-05,0.9999998807907104,6.702577957184985e-05,0.9999996423721313,0.003869647126837128
dkv_cb,ext_members12es,0.36188169943863147,0.363027691066606,1.0031667576165146,0.7097892917711154,0.709695045575962,7.32069651956284e-05,0.9999998553096542,0.00010402682257983247,0.999999297637933,0.0038683076656763626
xgb,oof,0.3613995515242333,0.3627300731564655,1.0036815807507802,0.7095996773918232,0.7094705307024967,0.0001499151549069211,0.9999995231628418,0.00012380358020891435,0.9999993741512299,0.0038662850741489896
pub_evg,oof,0.3691731069278549,0.37039292397260837,1.003304187173612,0.709896767915729,0.7097544209264335,0.00012746290303766727,0.9999997019767761,0.000269379117526114,0.9999994039535522,0.0038606257123531273
lexb_cat_base,ext_members14,0.3792555115037922,0.3799356570813083,1.001793370318652,0.708394485948114,0.7084016265250982,1.962963751841352e-05,0.9999999550810033,5.938971322379533e-05,0.9999999252247405,0.003846462402127271
bolt_repr_lgb_global,ext_members2,0.3777101374668359,0.3785848196687732,1.0023157498705317,0.709155866799425,0.7090845518127652,0.0003533906419761479,0.9999996423721313,0.0005075401859357953,0.9999992847442627,0.003842586412728055
ram_lgb,ext_members12,0.37671424152414135,0.37773128152391416,1.0026997652004288,0.7095483325819546,0.7094308675906239,0.0002620418212841,0.9999989013820628,0.0004304117930366,0.9999983356957796,0.003824473846294474
bei_exact_value_catboost_fixed4000,ext_members2,0.3764988588918451,0.3772199987482048,1.0019153839097474,0.709028865228758,0.7088986587112465,1.5129110740201924e-05,0.9999997327881475,2.185373737151092e-05,0.9999992925667547,0.003822361293143728
ad_gxgbd8,ext_members3,0.3792170756156905,0.38002963740932866,1.0021427352455552,0.7053558284739284,0.7054431663839964,0.00014477732474915683,0.9999995231628418,0.0002602587301225867,0.999999150633812,0.003804908586847233
bolt_foldsafe_te_xgb,ext_members2,0.37896041207678494,0.3800050324678718,1.0027565422608713,0.7079234296987817,0.7077785235957876,6.609089177800342e-05,0.9999998807907104,0.00015497213462367654,0.9999995827674866,0.0037902826886712093
xgb_tuned,oof,0.36798540060755924,0.3689574217394315,1.002641466564346,0.7095085072993675,0.7094098389075387,9.400281669513788e-06,1.0,1.2719566939267679e-05,1.0000000149011612,0.0037584762585045617
lat_lgbm_s5,oof,0.38134471001765485,0.38214723996598915,1.0021044737930078,0.6964061690579694,0.6965237362059535,0.00011358352627649039,0.9999997043462289,0.00013857553320336194,0.9999994141645268,0.003748778118214946
naji01,oof,0.37077646903460026,0.37185478430364527,1.0029082624144208,0.7094425231274314,0.7091959124069714,0.0008327943505719304,0.9999423027038574,0.0009326002327725291,0.9999387264251709,0.0037481496706911477
ad_xgbte,ext_members3,0.37937496211337635,0.38023956822018573,1.0022790278567488,0.7049734888297853,0.7050377631588515,9.740068344399333e-05,1.0,0.00011194997478014557,0.9999998956918716,0.003746124164893505
pubmk_cat,oof,0.3655343817316665,0.36632267765409,1.002156557527336,0.7095232774355804,0.7094494293866873,6.880159344291314e-05,0.9999999403953552,0.00012636053725145757,0.9999998211860657,0.0037044607935485807
pubfe_cat,oof,0.3614040421843488,0.3622434900509036,1.0023227406685358,0.7095587398971765,0.7094052468202777,6.81418168824166e-05,0.9999996423721313,0.0001440830819774419,0.9999995827674866,0.003701985318542822
lattri_lgbm,oof,0.3819043721190369,0.38260789333785145,1.0018421397349053,0.6960547584596497,0.6961405060106227,0.0001603828936864754,0.9999995494373447,0.00018082129984320274,0.9999993390181121,0.0036851379799200945
lgbm,oof,0.3633377600747545,0.36455227060689366,1.0033426488121941,0.7096806170648046,0.7095331729739582,0.00041555522887716794,0.9999991774119897,0.00026211464544425434,0.9999988141737681,0.0036801234334014055
latwide_lgbm,oof,0.3807452140530359,0.38148138268818255,1.0019334941267157,0.6979184050359237,0.6979150298700547,9.567606645950384e-05,0.9999995992885726,0.00019255984648377047,0.9999991681447217,0.003661539233552058
rff_raw,ext_members8,0.3343215485981864,0.3360371417811066,1.0051315662723916,0.7094213493950828,0.7091664281018488,0.0025197050436063092,0.9999995636164837,0.0023837290076765437,0.9999994492839555,0.003642988418452009
bei_screen_relations,ext_members2,0.3775934950957696,0.3783835255870211,1.0020922778106947,0.7091348666535485,0.709068583115473,1.3370955967418496e-05,0.9999996196228408,6.356492782523453e-05,0.9999993431465374,0.0036105880873137375
xgb_latcat_avg3,oof,0.3837568493797682,0.3845103869581117,1.0019635807922682,0.6951665072532498,0.695146572740007,8.332561264978722e-05,0.9999996821085612,0.00011654283844109159,0.9999994734923044,0.0035782709178346916
dm_lgb,ext_members11es,0.3704614898931473,0.37151976220050786,1.0028566324334165,0.7100051621653195,0.7098369818172869,0.0002611897,0.99999964,0.00040701404,0.99999934,0.0035490727889680995
bolt_foldsafe_te_wide,ext_members2,0.38075025819676284,0.3816104926416572,1.002259314147201,0.7067856855040654,0.7066381218635801,9.371335909236223e-05,0.9999997615814209,0.00018282367091160268,0.9999995231628418,0.0035224506652323795
bolt_foldsafe_te_multi,ext_members2,0.37809482339025485,0.3791690627741232,1.002841190403603,0.7085539580254634,0.7083648321111876,9.354353824164718e-05,0.9999997615814209,0.00015509223158005625,0.999999463558197,0.0035089929892030414
cat_tuned,oof,0.3633976529671227,0.36422521075121306,1.0022772788358247,0.7094240724466455,0.709202308931123,1.7089351334159372e-05,0.9999998213212002,4.4929990206621854e-05,0.9999996436935631,0.003493248836169749
latwide_cat,oof,0.38133469075201604,0.3819995718622029,1.001743563138396,0.6980276454450393,0.6979985884136082,3.100953493137511e-05,0.9999991007914376,5.2970310961915346e-05,0.9999986499037685,0.0034849332706695657
view_resid_cat,oof,0.35247675369574455,0.35355896901585626,1.0030703168613664,0.7094534802468736,0.7092749590513578,0.0002897797609646637,0.9999996200389405,0.00034106595531935903,0.9999992021119166,0.003467195971467607
lgbm_tuned,oof,0.3679603862641998,0.3689217896640213,1.0026127904951463,0.7095377357004785,0.7093602611905938,1.261686417047614e-05,0.9999999697454558,3.0073206587596834e-05,0.9999999288996823,0.0034633828268206823
cat_raw,oof,0.3632695724033112,0.36429131746457727,1.002812635956561,0.709761408625912,0.7096206880789807,9.13672511124204e-05,0.9999998697693134,6.884428895169575e-05,0.9999996684208441,0.003462405374669686
ad_gxgbnote,ext_members3,0.3703096132148934,0.3712254949425716,1.0024732863933152,0.7098176415124716,0.709611067617552,7.487735274480656e-05,1.0,0.00011063992951676482,1.0000000149011612,0.003454716079533071
lat_cat,oof,0.3826319953272893,0.38331297612821524,1.001779727804371,0.6935545988056385,0.693648821600137,4.8413863340161004e-05,0.9999997002184685,3.653342742081998e-05,0.9999993989026943,0.0034536708425263463
om_flamlxgb,ext_members10es,0.288675116127088,0.28820811889768266,0.9983822740398596,0.5000036160140243,0.5000016874675163,7.232017588266775e-06,1.0,2.9024441279505367e-05,0.999732705145426,0.003422329997566087
ad_gnn_note,ext_members3,0.34435214032914013,0.3458278817511132,1.0042855590226984,0.7072561309194478,0.7063727118711367,4.587283547152765e-05,1.0,0.00021236418251646683,0.9999997913837433,0.0033686231230922736
xgb_raw_nan,oof,0.36956883819704117,0.37044930652265845,1.002382420362909,0.709675105993465,0.7095007752940277,7.73743522586301e-05,0.9999996423721313,0.00011142564289912116,0.9999995082616806,0.0033033155632635758
xgb_latcat_s17,oof,0.3839927026141754,0.3845677258907151,1.0014974849069396,0.6951365208830425,0.6950956311556624,6.961233157198876e-05,0.9999997615814209,0.00010025333722296637,0.9999994486570358,0.003258621326291733
xgb_latcat,oof,0.384264540409208,0.3848454783806043,1.0015118177981701,0.6948190967656267,0.6948272718234103,8.896029612515122e-05,0.9999996423721313,0.000107275162008591,0.9999994337558746,0.0032576732413948095
bolt_lgb_driver_recon,ext_members2,0.3654145840790814,0.3663492306476454,1.002557770295128,0.7095503639646159,0.7094476223282543,0.000127246486954391,0.9999998211860657,0.00020459666848182678,0.9999997019767761,0.003253090524337421
xgb_lat,oof,0.38445146200975494,0.38495227293971307,1.001302663611526,0.6943433060301236,0.6944474395204273,8.554873784305528e-05,0.9999996423721313,0.00012334731582086533,0.9999994784593582,0.0032283305266402884
golem_a,ext_members,0.36803984595535666,0.3690416215514381,1.0027219215720544,0.7101408586017354,0.7099471764538261,0.00017909916612291003,0.9999996570640656,0.00018724852133332785,0.9999996142315178,0.0032087545083119284
view_nolattice_lgbm,oof,0.3670721822755302,0.36795870733456426,1.0024151246044808,0.7100489364560096,0.7099423724788624,0.000352992565109974,0.9999993204503178,0.0003989364196277378,0.9999991450074318,0.0031532979049118115
xgb_latcat_s23,oof,0.3837235170587124,0.38428799251489243,1.0014710473324826,0.6955439041110799,0.6955168152409484,9.117818262893707e-05,0.9999996423721313,0.00013036227574048098,0.999999538064003,0.003127578711967005
view_rank_cat,oof,0.35800552100495975,0.3591602965503221,1.0032255802707197,0.709484123214031,0.7091869635959904,0.00010837105618881224,0.999999421849861,0.0002566084359881597,0.9999983176679544,0.0031240954900662032
mlp,oof,0.33988436389483273,0.34087798550979154,1.0029234107846934,0.7104954642623634,0.7101839576020745,0.00012906354879569507,0.9999999999745115,0.00021964391837763885,0.9999999999111356,0.0031055777277716468
mkt_lgb,ext_members2,0.37134146458959505,0.372276292439859,1.0025174345970147,0.7102734563041572,0.7100672430869267,7.274524561703582e-05,0.9999999495430422,0.00011273810088811587,0.9999999231326804,0.0030306019221121305
view_bounds_lgbm,oof,0.3682307561203762,0.36912229122680984,1.0024211315638778,0.7100811545360481,0.7099391238136841,0.00015320319045343354,0.9999991766857352,0.00032311128846971356,0.9999990084507272,0.002969136307927611
cat_lat,oof,0.3898938535423304,0.38985026921080035,0.9998882148791676,0.6847472906781327,0.6844563399150446,2.5734434310507193e-05,0.9999994530927268,3.1562524935623114e-05,0.9999991145979211,0.002143499632038748
ravi200_l2stack1r,ext_members16,0.37834437938132615,0.378344356246982,0.9999999388537391,0.7094053126041906,0.7094053137296549,-0.060576774179935455,1.0371569395065308,-0.05728252977132797,1.0307785272598267,5.944773821042748e-05
hboyang_mix,ext_members16,0.2886751345872637,0.28867513459316885,1.000000000020456,0.5,0.5,3.6160087941333875e-06,0.9999963839912058,1.6874675162503125e-06,0.9999983125324836,5.303396113931491e-06
