stem,cv,lb,day,fam,std,corr,era,cv6,lb6
blend150fx,0.970031943365862,0.97104,2026-08-10,ens4,0.0,0.0,0.0,-25.196155863826952,971040.0
blend150fx_hybrid,0.9700142363358244,0.97099,2026-08-10,hybrid,0.0,0.0,0.0,-42.90318590138842,970990.0
blend150fx_rankraw,0.9700240718313952,0.97102,2026-08-10,rankraw,0.0,0.0,0.0,-33.06769033062373,971020.0
blend150fx_rescale,0.970012536877935,0.97102,2026-08-11,rescale,0.0,0.0,0.0,-44.60264379080314,971020.0
blend150sx,0.970033048093666,0.97104,2026-08-11,ens4,0.0,0.0,0.0,-24.09142805981368,971040.0
blend150sx_hybrid,0.9700160915169684,0.97101,2026-08-11,hybrid,0.0,0.0,0.0,-41.048004757349155,971010.0
blend150sx_rankraw,0.970021856854838,0.97102,2026-08-11,rankraw,0.0,0.0,0.0,-35.28266688779258,971020.0
blend153,0.9700343285733896,0.97104,2026-08-11,ens4,0.0,0.0,0.0,-22.8109483362271,971040.0
blend156,0.9700416046775032,0.97106,2026-08-11,ens4,0.0,0.0,0.0,-15.534844222564459,971060.0
blend156_h3,0.9700461184445184,0.97105,2026-08-14,h3,0.0,0.0,0.0,-11.021077207407082,971050.0
blend156_rankraw,0.9700360784150184,0.97104,2026-08-11,rankraw,0.0,0.0,0.0,-21.06110670740957,971040.0
blend156_rescale,0.9700251148138732,0.97105,2026-08-11,rescale,0.0,0.0,0.0,-32.02470785257372,971050.0
blend156w,0.970046657295287,0.97105,2026-08-13,w,0.0,0.0,0.0,-10.482226438734976,971050.0
blend156w2,0.970046465909134,0.97105,2026-08-15,w,0.0,0.0,0.0,-10.673612591771686,971050.0
blend158,0.97004322665942,0.97106,2026-08-13,ens4,0.0,0.0,0.0,-13.912862305787144,971060.0
blend158_h3,0.9700483189336572,0.97105,2026-08-13,h3,0.0,0.0,0.0,-8.820588068614299,971050.0
blend158_hybrid,0.9700283333245054,0.97103,2026-08-13,hybrid,0.0,0.0,0.0,-28.8061972203435,971030.0
blend158_rankraw,0.970036419922286,0.97104,2026-08-13,rankraw,0.0,0.0,0.0,-20.71959943983348,971040.0
blend158_rescale,0.9700273730091136,0.97105,2026-08-13,rescale,0.0,0.0,0.0,-29.766512612217078,971050.0
blend159,0.9700433779222748,0.97106,2026-08-15,ens4,0.0,0.0,0.0,-13.76159945098987,971060.0
blend159_h3,0.9700469365091934,0.97105,2026-08-14,h3,0.0,0.0,0.0,-10.203012532405964,971050.0
blend159_rescale,0.9700258921564706,0.97105,2026-08-19,rescale,0.0,0.0,0.0,-31.247365255171466,971050.0
blend159av,0.9700448767129296,0.97106,2026-08-13,ens4,0.0,0.0,0.0,-12.262808796181801,971060.0
blend159av_h3,0.9700491721182696,0.97105,2026-08-13,h3,0.0,0.0,0.0,-7.967403456210498,971050.0
blend159av_hybrid,0.9700291725494375,0.97102,2026-08-17,hybrid,0.0,0.0,0.0,-27.9669722882403,971020.0
blend159av_rankraw,0.9700338606526144,0.97102,2026-08-17,rankraw,0.0,0.0,0.0,-23.278869111353906,971020.0
blend159av_rescale,0.9700286702343646,0.97105,2026-08-19,rescale,0.0,0.0,0.0,-28.46928736122134,971050.0
blend159av_w,0.9700481784285347,0.97105,2026-08-15,w,0.0,0.0,0.0,-8.961093191039993,971050.0
blend159av_wh3,0.9700492569216792,0.97105,2026-08-15,wh3,0.0,0.0,0.0,-7.8826000465825885,971050.0
blend160orig,0.9700423076141412,0.97106,2026-08-16,ens4,0.0,0.0,0.0,-14.831907584555992,971060.0
blend160orig_h3,0.970046331122863,0.97105,2026-08-15,h3,0.0,0.0,0.0,-10.808398862804935,971050.0
blend160orig_rescale,0.9700233486631156,0.97105,2026-08-19,rescale,0.0,0.0,0.0,-33.79085861021647,971050.0
blend160origm,0.9700442444424164,0.97106,2026-08-15,ens4,0.0,0.0,0.0,-12.895079309349633,971060.0
blend160origm_h3,0.970048654980868,0.97105,2026-08-13,h3,0.0,0.0,0.0,-8.484540857778278,971050.0
blend160origm_rescale,0.9700270088294172,0.97105,2026-08-19,rescale,0.0,0.0,0.0,-30.130692308616425,971050.0
blendtop3,0.9700494604052072,0.97105,2026-08-14,ens4,0.0,0.0,0.0,-7.67911651855524,971050.0
stack_pub149_hybrid,0.9700183101166489,0.97099,2026-08-10,hybrid,0.0,0.0,0.0,-38.82940507693444,970990.0
stack_pub151_fixed_rankraw,0.970024501922502,0.97103,2026-08-10,rankraw,0.0,0.0,0.0,-32.63759922378373,971030.0
stack_pub151_hybrid,0.970024294551982,0.97099,2026-08-10,hybrid,0.0,0.0,0.0,-32.84496974376161,970990.0
stack_pub151_rankraw,0.970023065836235,0.97102,2026-08-10,rankraw,0.0,0.0,0.0,-34.07368549079859,971020.0
w14a_repro159av,0.9700436164293268,0.97106,2026-08-17,ens4,0.0,0.0,0.0,-13.523092398992631,971060.0
w14a_repro159av_h3,0.9700472004643722,0.97105,2026-08-17,h3,0.0,0.0,0.0,-9.939057353580694,971050.0
w14a_repro159av_rescale,0.9700271740621011,0.97105,2026-08-19,rescale,0.0,0.0,0.0,-29.965459624636814,971050.0
w16e_aonly,0.9700544304624674,0.97108,2026-08-16,ens4,0.0,0.0,0.0,-2.7090592583656203,971080.0
w16h_h3av6,0.9700487290113214,0.97105,2026-08-16,ens4,0.0,0.0,0.0,-8.410510404344151,971050.0
w16i_schemeavg,0.9700556662570056,0.97107,2026-08-16,ens4,0.0,0.0,0.0,-1.4732647202198024,971070.0
w16l_maskw_h3,0.970045740213802,0.97105,2026-08-16,h3,0.0,0.0,0.0,-11.3993079238206,971050.0
w16n_finegrid,0.9700556964750704,0.97107,2026-08-16,ens4,0.0,0.0,0.0,-1.4430466553916332,971070.0
w16q_ens4avg,0.9700515171213084,0.97108,2026-08-16,ens4,0.0,0.0,0.0,-5.6224004173488495,971080.0
w16t_cellens4,0.9700513726632268,0.97108,2026-08-16,ens4,0.0,0.0,0.0,-5.766858498956751,971080.0
w20_ad187,0.970097889484853,0.97116,2026-08-17,ens4,0.0,0.0,0.0,40.7499631271957,971160.0
w20_ad187_h3,0.9701008149538332,0.97115,2026-08-17,h3,0.0,0.0,0.0,43.67543210737068,971150.0
w20_ad187_hybrid,0.9700773469651351,0.97113,2026-08-18,hybrid,0.0,0.0,0.0,20.207443409359094,971130.0
w20_ad187_logit,0.9700247998203568,0.97116,2026-08-19,logit,0.0,0.0,0.0,-32.339701368955254,971160.0
w20_ad187_rankraw,0.970091529975082,0.97114,2026-08-17,rankraw,0.0,0.0,0.0,34.39045335618118,971140.0
w20_ad187_rescale,0.9700778470728432,0.97115,2026-08-18,rescale,0.0,0.0,0.0,20.70755111738265,971150.0
w21_ad187corr,0.970106881371208,0.97117,2026-08-17,h3,0.0,1.0,0.0,49.74184948225435,971170.0
w21_ad187corr_ens4,0.970103933067418,0.97118,2026-08-17,ens4,0.0,1.0,0.0,46.793545692258576,971180.0
w22_ad187corr_rankraw,0.970100135496454,0.97117,2026-08-18,rankraw,0.0,1.0,0.0,42.99597472823269,971170.0
w23_ad187std,0.9701058972467212,0.97115,2026-08-18,ens4,1.0,0.0,0.0,48.75772499546294,971150.0
w23_ad187std_h3,0.970109275063136,0.97114,2026-08-18,h3,1.0,0.0,0.0,52.13554141025867,971140.0
w23_ad187std_h3_hybrid,0.9700977969987988,0.97112,2026-08-18,hybrid,1.0,0.0,0.0,40.65747707304723,971120.0
w23_ad187std_h3_rankraw,0.97009179122053,0.97114,2026-08-18,rankraw,1.0,0.0,0.0,34.651698804233355,971140.0
w23_ad187std_h3_rescale,0.97009370385913,0.97114,2026-08-18,rescale,1.0,0.0,0.0,36.56433740417686,971140.0
w23_ad187std_logit,0.9700298054694744,0.97114,2026-08-18,logit,1.0,0.0,0.0,-27.334052251415386,971140.0
w23_ad187stdcorr,0.9701150808744372,0.97116,2026-08-18,h3,1.0,1.0,0.0,57.94135271142142,971160.0
w27_ad188raw,0.9701113750689624,0.97116,2026-08-20,ens4,1.0,0.0,0.0,54.235547236602955,971160.0
w27_ad188raw_rescale,0.970098971367698,0.97115,2026-08-20,rescale,1.0,0.0,0.0,41.831845972173376,971150.0
w27_ad188std,0.9701093456480704,0.97116,2026-08-19,ens4,1.0,0.0,0.0,52.206126344600534,971160.0
w27_ad188std_h3,0.970111472035714,0.97115,2026-08-19,h3,1.0,0.0,0.0,54.332513988231135,971150.0
w27_ad190std,0.970110933814171,0.97117,2026-08-20,ens4,1.0,0.0,0.0,53.794292445230596,971170.0
w27_ad190std_logit,0.9700395047477924,0.97116,2026-08-20,logit,1.0,0.0,0.0,-17.634773933350445,971160.0
w27_ad190std_rescale,0.9700990014183078,0.97115,2026-08-20,rescale,1.0,0.0,0.0,41.86189658206274,971150.0
w27_ad190stdcorr,0.9701181344162544,0.97118,2026-08-20,h3,1.0,1.0,0.0,60.99489452859874,971180.0
w29_ad194std,0.9701116199443892,0.97116,2026-08-20,ens4,1.0,0.0,0.0,54.480422663427674,971160.0
w29_ad194std_logit,0.97003993618869,0.97116,2026-08-20,logit,1.0,0.0,0.0,-17.203333035786805,971160.0
w29_ad194std_rescale,0.9700978808735924,0.97115,2026-08-20,rescale,1.0,0.0,0.0,40.741351866602216,971150.0
w29_ad194stdcorr,0.9701182875261916,0.97118,2026-08-20,h3,1.0,1.0,0.0,61.148004465771955,971180.0
w34_ad195stdcorr,0.9701247948837451,0.97117,2026-08-21,h3,1.0,1.0,1.0,67.65536201935873,971170.0
w36_ad199std,0.970132324956614,0.97117,2026-08-21,ens4,1.0,0.0,1.0,75.18543488815865,971170.0
w36_ad199std_hybrid,0.9701231283130562,0.97114,2026-08-21,hybrid,1.0,0.0,1.0,65.98879133046242,971140.0
w36_ad199std_rescale,0.970121937254448,0.97116,2026-08-21,rescale,1.0,0.0,1.0,64.79773272216605,971160.0
w36_ad199stdcorr,0.9701400059625016,0.97118,2026-08-21,h3,1.0,1.0,1.0,82.86644077581951,971180.0
w40_ad211std_rankraw,0.9701044022,0.97114,2026-08-22,rankraw,1.0,0.0,1.0,47.26267827426245,971140.0
w38_ad202std_rankraw,0.9701067554,0.97114,2026-08-22,rankraw,1.0,0.0,1.0,49.61587827423397,971140.0
w34_ad196std_hybrid,0.970109125,0.97113,2026-08-22,hybrid,1.0,0.0,1.0,51.98547827423017,971130.0
w34_ad195std_hybrid,0.9701108333,0.97113,2026-08-22,hybrid,1.0,0.0,1.0,53.69377827424415,971130.0
w36_ad197std_hybrid,0.9701124257,0.97114,2026-08-22,hybrid,1.0,0.0,1.0,55.28617827421645,971140.0
w36_ad199std_h3,0.9701354276,0.97116,2026-08-22,h3,1.0,0.0,1.0,78.28807827425788,971160.0
w38_ad202std,0.9701305726,0.97116,2026-08-22,ens4,1.0,0.0,1.0,73.43307827423206,971160.0
w40_ad211std,0.9701309541,0.97117,2026-08-22,ens4,1.0,0.0,1.0,73.81457827426718,971170.0
w40_ad211stdcorr,0.9701374733,0.97118,2026-08-22,h3,1.0,1.0,1.0,80.33377827421084,971180.0
w38_ad202stdcorr,0.9701375891,0.97117,2026-08-22,h3,1.0,1.0,1.0,80.44957827424426,971170.0
