stem,lb,lo,n_sent,cv,fam,std,pack,build,in_fit,raw_pred,res6
w48_cal_hboyang_mix,0.97109,0.97109,1,0.970181553604739,member,True,,48.0,False,0.9712769060501558,-186.90605015581065
w42_ad217stdcorr,0.97119,0.97119,1,0.9701788311219953,h3,True,217.0,42.0,False,0.971284457400691,-94.45740069102814
w42_ad217std,0.97117,0.97117,1,0.970176490904118,ens4,True,217.0,42.0,False,0.9712812163741379,-111.21637413791241
w42_ad217std_h3,0.97117,0.97117,1,0.9701748950350748,h3,True,217.0,42.0,False,0.9712645455497244,-94.54554972443407
w42_ad217std_hybrid,0.97115,0.97115,1,0.9701644071997302,hybrid,True,217.0,42.0,False,0.971249079793465,-99.07979346501783
w42_ad217std_rankraw,0.97116,0.97116,1,0.9701540298645678,rankraw,True,217.0,42.0,False,0.971238167228894,-78.16722889397721
w50_ad216stdcorr,0.97118,0.97118,1,0.9701500879826798,h3,True,216.0,50.0,False,0.9712311006583533,-51.10065835323141
w42_ad217std_rescale,0.97116,0.97116,1,0.9701472358438858,rescale,True,217.0,42.0,False,0.9712478250213809,-87.82502138082737
w50_ad216std_h3,0.97116,0.97116,1,0.9701459152104175,h3,True,216.0,50.0,False,0.971210749441364,-50.74944136396198
w50_ad216std,0.97117,0.97117,1,0.9701438207661358,ens4,True,216.0,50.0,False,0.9712205698276588,-50.56982765883067
w36_ad199stdcorr,0.97118,0.97118,1,0.9701400059625016,h3,True,199.0,36.0,False,0.9712123851051568,-32.385105156795824
w69_ad208stdcorr,0.97117,0.97117,1,0.9701391337793273,h3,True,208.0,69.0,False,0.9712107660456522,-40.76604565217412
w38_ad202stdcorr,0.97117,0.97117,1,0.9701375890907046,h3,True,202.0,38.0,False,0.97120789859433,-37.898594330010305
w40_ad211stdcorr,0.97118,0.97118,1,0.9701374732624001,h3,True,211.0,40.0,False,0.9712076835788117,-27.683578811665832
w36_ad199stdcorr_ens4,0.97119,0.97119,2,0.9701365874696789,ens4,True,199.0,36.0,False,0.9712197476208596,-29.747620859610358
w50_ad216std_hybrid,0.97114,0.97114,1,0.9701365514769442,hybrid,True,216.0,50.0,False,0.9711973703887611,-57.370388761079916
w36_ad199std_h3,0.97116,0.97116,1,0.9701354276135699,h3,True,199.0,36.0,False,0.9711912810041624,-31.281004162386772
w38_ad202stdcorr_ens4,0.97119,0.97119,1,0.9701349000888668,ens4,True,202.0,38.0,False,0.9712166152857926,-26.615285792619403
w42_ad217std_logit,0.97117,0.97117,1,0.970134451603052,logit,True,217.0,42.0,False,0.9713366047262673,-166.60472626728318
w69_ad208std_h3,0.97115,0.97115,1,0.9701342349514506,h3,True,208.0,69.0,False,0.9711890670300833,-39.06703008338397
w40_ad211std_h3,0.97116,0.97116,1,0.9701331846110895,h3,True,211.0,40.0,False,0.9711871172521069,-27.11725210691185
w38_ad202std_h3,0.97115,0.97115,1,0.9701330213726455,h3,True,202.0,38.0,False,0.9711868142277398,-36.814227739823124
w50_ad216std_rescale,0.97116,0.97116,1,0.9701325534112752,rescale,True,216.0,50.0,False,0.971220569586089,-60.569586089020966
w69_ad208std,0.97117,0.97117,1,0.9701324885705639,ens4,True,208.0,69.0,False,0.9711995335367856,-29.533536785586456
w36_ad199std,0.97117,0.97117,1,0.9701323249566141,ens4,True,199.0,36.0,False,0.9711992298153559,-29.229815355913402
w40_ad211std,0.97117,0.97117,1,0.9701309541017874,ens4,True,211.0,40.0,False,0.9711966850568672,-26.685056867203905
w38_ad202std,0.97116,0.97116,1,0.9701305726031559,ens4,True,202.0,38.0,False,0.9711959768696383,-35.976869638298936
w36_ad197stdcorr,0.97117,0.97117,1,0.9701286299342438,h3,True,197.0,36.0,False,0.9711912674463682,-21.26744636821165
w69_ad208std_hybrid,0.97113,0.97113,1,0.9701248767237036,hybrid,True,208.0,69.0,False,0.9711756981979236,-45.698197923549344
w34_ad195stdcorr,0.97117,0.97117,1,0.9701247948837451,h3,True,195.0,34.0,False,0.9711841483283393,-14.148328339347316
w36_ad197std_h3,0.97115,0.97115,1,0.9701244431160363,h3,True,197.0,36.0,False,0.9711708901554742,-20.890155474240224
w38_ad202std_hybrid,0.97113,0.97113,1,0.9701232617749084,hybrid,True,202.0,38.0,False,0.9711727003205585,-42.70032055841977
w36_ad199std_hybrid,0.97114,0.97114,1,0.9701231283130562,hybrid,True,199.0,36.0,False,0.9711724525713624,-32.45257136241797
w36_ad199std_rescale,0.97116,0.97116,1,0.970121937254448,rescale,True,199.0,36.0,False,0.9712008624991828,-40.862499182781065
w36_ad197std,0.97116,0.97116,1,0.9701210588551309,ens4,True,197.0,36.0,False,0.9711783162169007,-18.31621690062679
w40_ad211std_rescale,0.97116,0.97116,1,0.9701209816379527,rescale,True,211.0,40.0,False,0.9711990885599289,-39.08855992884597
w34_ad195std_h3,0.97115,0.97115,1,0.9701205752646017,h3,True,195.0,34.0,False,0.9711637101480947,-13.710148094703278
w38_ad202std_rescale,0.97115,0.97115,1,0.970120035404027,rescale,True,202.0,38.0,False,0.9711973320378173,-47.332037817371386
w34_ad196std_h3,0.97115,0.97115,1,0.9701199172668695,h3,True,196.0,34.0,False,0.9711624886873812,-12.488687381240204
w34_ad195std_wh3,0.97115,0.97115,1,0.9701196117472624,wh3,True,195.0,34.0,False,0.971157508642291,-7.508642291043088
w34_ad195std_w,0.97115,0.97115,1,0.9701195043323168,w,True,195.0,34.0,False,0.9711613121920183,-11.312192018331224
w40_ad211std_hybrid,0.97113,0.97113,1,0.9701194945387204,hybrid,True,211.0,40.0,False,0.9711657070882465,-35.707088246406116
w69_ad208std_rescale,0.97115,0.97115,1,0.9701192358913662,rescale,True,208.0,69.0,False,0.9711958478787429,-45.84787874295504
w34_ad196std,0.97116,0.97116,1,0.970118550552755,ens4,True,196.0,34.0,False,0.9711736599807774,-13.659980777402936
w29_ad194stdcorr,0.97118,0.97118,1,0.9701182875261917,h3,True,194.0,29.0,True,0.9711720685274357,7.931472564393083
w34_ad195std,0.97116,0.97116,1,0.9701181648626676,ens4,True,195.0,34.0,False,0.9711729440128244,-12.944012824367412
w27_ad190stdcorr,0.97118,0.97118,1,0.9701181344162544,h3,True,190.0,27.0,True,0.9711717843049161,8.215695083912955
w27_ad188stdcorr,0.97117,0.97117,1,0.9701168076021643,h3,True,188.0,27.0,False,0.9711693213005533,0.6786994466434493
w29_ad194stdcorr_ens4,0.97119,0.97119,1,0.9701159502920627,ens4,True,194.0,29.0,False,0.971181438215733,8.561784267002714
w23_ad187stdcorr,0.97116,0.97116,1,0.9701150808744374,h3,True,187.0,23.0,True,0.9711661159246409,-6.1159246408371
w29_ad194std_h3,0.97115,0.97115,1,0.9701140063799218,h3,True,194.0,29.0,False,0.9711515161325607,-1.5161325607193632
w27_ad188raw_h3,0.97115,0.97115,1,0.9701136018891743,h3,True,188.0,27.0,False,0.9711507652643844,-0.7652643844169305
w50_ad216std_rankraw,0.97114,0.97114,1,0.9701134182008893,rankraw,True,216.0,50.0,False,0.9711627785926349,-22.778592634886685
w27_ad190std_h3,0.97116,0.97116,1,0.9701133391214054,h3,True,190.0,27.0,False,0.9711502774807785,9.722519221488923
w36_ad197std_hybrid,0.97114,0.97114,1,0.9701124257188621,hybrid,True,197.0,36.0,False,0.9711525850282074,-12.58502820744578
w29_ad194std,0.97116,0.97116,1,0.9701116199443892,ens4,True,194.0,29.0,True,0.9711607944868327,-0.7944868326559273
w27_ad188std_h3,0.97115,0.97115,1,0.970111472035714,h3,True,188.0,27.0,True,0.9711468115542121,3.18844578783839
w27_ad188raw,0.97116,0.97116,1,0.9701113750689625,ens4,True,188.0,27.0,True,0.9711603399173124,-0.3399173124085664
w36_ad199std_rankraw,0.97114,0.97114,1,0.9701111921519867,rankraw,True,199.0,36.0,False,0.9711586463120089,-18.646312008874233
w27_ad190std,0.97117,0.97117,1,0.970110933814171,ens4,True,190.0,27.0,True,0.9711595208029508,10.479197049217959
w34_ad195std_hybrid,0.97113,0.97113,1,0.9701108333105612,hybrid,True,195.0,34.0,False,0.9711496289934308,-19.628993430775843
w27_ad188std,0.97116,0.97116,1,0.9701093456480703,ens4,True,188.0,27.0,True,0.9711565726430961,3.4273569039511287
w23_ad187std_h3,0.97114,0.97114,1,0.9701092750631358,h3,True,187.0,23.0,True,0.9711427332488297,-2.7332488297115987
w34_ad196std_hybrid,0.97113,0.97113,1,0.9701091249775423,hybrid,True,196.0,34.0,False,0.9711464577641604,-16.45776416037137
w36_ad197std_rescale,0.97115,0.97115,1,0.9701085984575708,rescale,True,197.0,36.0,False,0.9711761012947695,-26.101294769542704
w69_ad208std_rankraw,0.97114,0.97114,1,0.9701073320136435,rankraw,True,208.0,69.0,False,0.9711514806226698,-11.480622669757246
w21_ad187corr,0.97117,0.97117,1,0.970106881371208,h3,False,187.0,21.0,True,0.9711739880514295,-3.98805142953762
w38_ad202std_rankraw,0.97114,0.97114,1,0.9701067553636527,rankraw,True,202.0,38.0,False,0.9711504101701822,-10.410170182217904
w23_ad187std,0.97115,0.97115,1,0.9701058972467212,ens4,True,187.0,23.0,True,0.9711501712733557,-0.17127335572020286
w29_ad194std_hybrid,0.97114,0.97114,1,0.9701056245229753,hybrid,True,194.0,29.0,False,0.9711399597664871,0.04023351285464827
w34_ad195std_rescale,0.97115,0.97115,1,0.9701055638940178,rescale,True,195.0,34.0,False,0.9711704681444088,-20.46814440881395
w40_ad211std_rankraw,0.97114,0.97114,1,0.9701044021654542,rankraw,True,211.0,40.0,False,0.9711460418585457,-6.04185854569117
w21_ad187corr_ens4,0.97118,0.97118,1,0.9701039330674182,ens4,False,187.0,21.0,True,0.9711822233929847,-2.2233929846127154
w34_ad196std_rescale,0.97115,0.97115,1,0.9701039146473381,rescale,True,196.0,34.0,False,0.9711674065988631,-17.406598863178857
w27_ad190std_hybrid,0.97114,0.97114,1,0.9701027988573375,hybrid,True,190.0,27.0,False,0.9711347143995245,5.285600475524177
w29_ad194stdcorr_rescale,0.97117,0.97117,1,0.9701012579592934,rescale,True,194.0,29.0,False,0.9711750800860501,-5.0800860501576395
w36_ad197std_rankraw,0.97114,0.97114,1,0.9701011303330037,rankraw,True,197.0,36.0,False,0.9711399682588905,0.03174110951853493
w20_ad187_h3,0.97115,0.97115,1,0.9701008149538332,h3,False,187.0,20.0,True,0.971150121604832,-0.12160483209289197
w29_ad194stdcorr_rankraw,0.97116,0.97116,1,0.9701005595540964,rankraw,True,194.0,29.0,False,0.9711515138810994,8.486118900585815
w27_ad188raw_hybrid,0.97113,0.97113,1,0.9701001699770166,hybrid,True,188.0,27.0,False,0.9711298343309843,0.16566901572812043
w22_ad187corr_rankraw,0.97117,0.97117,1,0.9701001354964539,rankraw,False,187.0,22.0,True,0.9711738197982333,-3.819798233273275
w27_ad188std_hybrid,0.97113,0.97113,1,0.9700993120985821,hybrid,True,188.0,27.0,False,0.9711282418257927,1.758174207333596
w27_ad190std_rescale,0.97115,0.97115,1,0.970099001418308,rescale,True,190.0,27.0,True,0.9711582860260358,-8.286026035864147
w27_ad188raw_rescale,0.97115,0.97115,1,0.9700989713676981,rescale,True,188.0,27.0,True,0.9711582302421972,-8.230242197204696
w34_ad196std_rankraw,0.97113,0.97113,1,0.9700979782970403,rankraw,True,196.0,34.0,False,0.9711341170410087,-4.117041008666611
w20_ad187,0.97116,0.97116,1,0.970097889484853,ens4,False,187.0,20.0,True,0.971158399335322,1.600664678025332
w29_ad194std_rescale,0.97115,0.97115,1,0.9700978808735926,rescale,True,194.0,29.0,True,0.9711562059256335,-6.205925633495646
w34_ad195std_rankraw,0.97113,0.97113,1,0.9700978115521841,rankraw,True,195.0,34.0,False,0.9711338075075847,-3.8075075846633055
w23_ad187std_hybrid,0.97112,0.97112,1,0.9700977969987988,hybrid,True,187.0,23.0,False,0.971125429301111,-5.429301111026241
w23_ad187std_h3_hybrid,0.97112,0.97112,1,0.9700977969987988,hybrid,True,187.0,23.0,True,0.971125429301111,-5.429301111026241
w27_ad188raw_rankraw,0.97115,0.97115,1,0.9700976053842976,rankraw,True,188.0,27.0,False,0.9711334247920199,16.57520798004075
w27_ad188std_rescale,0.97114,0.97114,1,0.970096268573635,rescale,True,188.0,27.0,False,0.9711532129653841,-13.21296538414618
w27_ad190std_rankraw,0.97115,0.97115,1,0.9700951828849882,rankraw,True,190.0,27.0,False,0.9711289278346749,21.072165325097814
w23_ad187std_h3_rescale,0.97114,0.97114,1,0.9700937038591301,rescale,True,187.0,23.0,True,0.9711484520097522,-8.45200975219118
w23_ad187std_rescale,0.97114,0.97114,1,0.9700937038591301,rescale,True,187.0,23.0,False,0.9711484520097522,-8.45200975219118
w27_ad188std_rankraw,0.97115,0.97115,1,0.9700930486776909,rankraw,True,188.0,27.0,False,0.9711249660423455,25.033957654407857
w29_ad194std_rankraw,0.97114,0.97114,1,0.9700930067276081,rankraw,True,194.0,29.0,False,0.9711248881691624,15.1118308375775
w23_ad187std_h3_rankraw,0.97114,0.97114,1,0.97009179122053,rankraw,True,187.0,23.0,True,0.9711226317873084,17.368212691604157
w23_ad187std_rankraw,0.97114,0.97114,1,0.97009179122053,rankraw,True,187.0,23.0,False,0.9711226317873084,17.368212691604157
w20_ad187_rankraw,0.97114,0.97114,1,0.9700915299750819,rankraw,False,187.0,20.0,True,0.9711452399375493,-5.239937549306184
w20_ad187_rescale,0.97115,0.97115,1,0.9700778470728432,rescale,False,187.0,20.0,True,0.971142109694805,7.890305194990788
w20_ad187_hybrid,0.97113,0.97113,1,0.9700773469651351,hybrid,False,187.0,20.0,True,0.9711105604047737,19.43959522632266
w50_ad216std_logit,0.97115,0.97115,1,0.9700665849852123,logit,True,216.0,50.0,False,0.9712106219099276,-60.62190992761618
w69_ad208std_logit,0.97116,0.97116,1,0.9700603176621057,logit,True,208.0,69.0,False,0.9711989876920895,-38.98769208943165
w40_ad211std_logit,0.97116,0.97116,1,0.9700578440584922,logit,True,211.0,40.0,False,0.9711943958683085,-34.39586830844554
w38_ad202std_logit,0.97116,0.97116,1,0.9700575874003036,logit,True,202.0,38.0,False,0.9711939194260977,-33.91942609765053
w36_ad199std_logit,0.97117,0.97117,1,0.9700571065601007,logit,True,199.0,36.0,False,0.9711930268281623,-23.026828162353574
w16n_finegrid,0.97107,0.97107,1,0.9700556964750705,ens4,False,,16.0,True,0.9710800751993707,-10.075199370684906
w16i_schemeavg,0.97107,0.97107,1,0.9700556662570055,ens4,False,,16.0,True,0.9710800191046799,-10.019104679903634
w16m_widegrid,0.97107,0.97107,1,0.9700556662570055,ens4,False,,16.0,False,0.9710800191046799,-10.019104679903634
w16e_aonly,0.97108,0.97108,1,0.9700544304624675,ens4,False,,16.0,True,0.9710777250626124,2.2749373876918
w16q_ens4avg,0.97108,0.97108,1,0.9700515171213084,ens4,False,,16.0,True,0.9710723169409782,7.683059021879046
w16t_cellens4,0.97108,0.97108,1,0.9700513726632269,ens4,False,,16.0,True,0.9710720487791553,7.951220844737428
w34_ad196std_logit,0.97116,0.97116,1,0.9700495032230128,logit,True,196.0,34.0,False,0.9711789125279303,-18.912527930292633
w16h_h3av6,0.97105,0.97105,1,0.9700487290113216,ens4,False,,16.0,True,0.9710671412896846,-17.14128968466344
w14a_repro159av_h3,0.97105,0.97105,1,0.9700472004643722,h3,False,,14.0,True,0.9710505954372713,-0.5954372713778966
w36_ad197std_logit,0.97116,0.97116,1,0.9700458725948065,logit,True,197.0,36.0,False,0.9711721728850681,-12.172885068051364
w16l_maskw_h3,0.97105,0.97105,1,0.970045740213802,h3,False,,16.0,True,0.9710478847308113,2.1152691886960895
w34_ad195std_logit,0.97115,0.97115,1,0.9700443435657891,logit,True,195.0,34.0,False,0.9711693345031358,-19.33450313584828
blend160origm,0.97106,0.97106,1,0.9700442444424164,ens4,False,,,True,0.9710588164513662,1.1835486338762635
w14a_repro159av,0.97106,0.97106,1,0.9700436164293267,ens4,False,,14.0,True,0.9710576506520342,2.3493479658354133
blend159,0.97106,0.97106,1,0.9700433779222748,ens4,False,,,True,0.971057207904317,2.7920956829907695
blend160orig,0.97106,0.97106,1,0.9700423076141413,ens4,False,,,True,0.9710552210595722,4.778940427829781
w29_ad194std_logit,0.97116,0.97116,1,0.9700399361886902,logit,True,194.0,29.0,True,0.9711611529582577,-1.1529582576441655
w27_ad190std_logit,0.97116,0.97116,1,0.9700395047477925,logit,True,190.0,27.0,True,0.9711603520617182,-0.3520617182228847
w27_ad188raw_logit,0.97116,0.97116,1,0.9700387329362935,logit,True,188.0,27.0,False,0.9711589193251324,1.08067486759289
w27_ad188std_logit,0.97115,0.97115,1,0.9700372515102429,logit,True,188.0,27.0,False,0.9711561693099998,-6.169309999859429
blend160orig_rankraw,0.97104,0.97104,1,0.9700342765404693,rankraw,False,,,False,0.9710389586881337,1.0413118662899734
blend159av_rankraw,0.97102,0.97102,1,0.9700338606526145,rankraw,False,,,True,0.9710381866631693,-18.186663169328376
blend160origm_rankraw,0.97105,0.97105,1,0.9700331270767358,rankraw,False,,,False,0.9710368249045002,13.175095499806666
blend159_rankraw,0.97105,0.97105,1,0.9700325394457388,rankraw,False,,,False,0.9710357340676449,14.265932355095323
w14a_repro159av_rankraw,0.97105,0.97105,1,0.9700313094207962,rankraw,False,,14.0,False,0.9710334507358483,16.549264151621834
w23_ad187std_logit,0.97114,0.97114,1,0.9700298054694743,logit,True,187.0,23.0,True,0.9711423470035925,-2.347003592473307
blend159av_hybrid,0.97102,0.97102,1,0.9700291725494377,hybrid,False,,,True,0.9710211328075503,-1.1328075503191926
blend159av_rescale,0.97105,0.97105,1,0.9700286702343647,rescale,False,,,True,0.9710508212704306,-0.8212704306620466
blend160origm_hybrid,0.97103,0.97103,1,0.9700273084068993,hybrid,False,,,False,0.9710176723444461,12.3276555538121
w14a_repro159av_rescale,0.97105,0.97105,1,0.9700271740621013,rescale,False,,14.0,True,0.9710480438814657,1.9561185342631404
blend160origm_rescale,0.97105,0.97105,1,0.9700270088294171,rescale,False,,,True,0.9710477371551315,2.2628448684836044
blend153_rankraw,0.97101,0.97101,1,0.9700266911160214,rankraw,False,,,False,0.9710248776396669,-14.877639666899256
blend159_rescale,0.97105,0.97105,1,0.9700258921564706,rescale,False,,,True,0.9710456642420087,4.335757991302813
w14a_repro159av_hybrid,0.97102,0.97102,1,0.9700258630141787,hybrid,False,,14.0,False,0.9710149892190532,5.010780946834714
blend160orig_hybrid,0.97102,0.97102,1,0.9700254919891138,hybrid,False,,,False,0.9710143004742167,5.699525783331438
w20_ad187_logit,0.97116,0.97116,1,0.970024799820357,logit,False,187.0,20.0,True,0.9711561479765333,3.85202346675495
blend159_hybrid,0.97103,0.97103,1,0.9700244514017536,hybrid,False,,,False,0.9710123688010251,17.631198974799034
blend160orig_rescale,0.97105,0.97105,1,0.9700233486631156,rescale,False,,,True,0.9710409426798267,9.05732017331129
blend156_hybrid,0.97102,0.97102,1,0.970023048486854,hybrid,False,,,False,0.9710097645284714,10.235471528563522
blend153_rescale,0.97102,0.97102,1,0.9700197991441539,rescale,False,,,False,0.9710343536024618,-14.353602461825155
blend150sx_rescale,0.97103,0.97103,1,0.9700170339298693,rescale,False,,,False,0.9710292204531396,0.7795468603966071
blend153_hybrid,0.97101,0.97101,1,0.9700168430359333,hybrid,False,,,False,0.970998245165808,11.754834192023722
w14a_repro159av_logit,0.97106,0.97106,1,0.969964869765448,logit,False,,14.0,False,0.9710448980374445,15.101962555497117
blend159av_logit,0.97106,0.97106,1,0.9699647645223465,logit,False,,,False,0.9710447026715524,15.297328447627656
blend159_logit,0.97106,0.97106,1,0.9699646622223983,logit,False,,,False,0.9710445127691234,15.487230876631841
blend160origm_logit,0.97106,0.97106,1,0.9699635759958649,logit,False,,,False,0.9710424963745804,17.503625419634794
blend156_logit,0.97105,0.97105,1,0.9699618031215246,logit,False,,,False,0.9710392053353402,10.794664659807829
blend160orig_logit,0.97106,0.97106,1,0.969961779850316,logit,False,,,False,0.971039162136305,20.83786369500018
blend153_logit,0.97104,0.97104,1,0.9699540296194336,logit,False,,,False,0.9710247751527641,15.22484723592843
stack_pub88_mine_logit,0.97081,0.97081,1,0.9696599465172034,logit,False,,,False,0.9704788599644703,331.14003552969785
stack_pub74_logit,0.97081,0.97081,1,0.9696413515631959,logit,False,,,False,0.9704443415996223,365.65840037761086
