k,gh,zmin,zmax,in_hull,l1,wmin,wmax,cond,sd_gap,added,ols
2,1045.4201062763195,1032.4109092954004,1039.9940374983264,False,2.431089817497584,-0.7155449087487918,1.715544908748792,71220.12081472768,556.9667959247763,w38_ad202stdcorr,1036.2024733968633
3,1042.8072078540833,1032.4109092954004,1042.5267375998583,False,2.8235890461818363,-0.5063819079163262,1.9117945230909184,106934.2728873873,556.9641883263309,w40_ad211stdcorr,1038.3105614645283
4,1044.2276726616913,1032.4109092954004,1053.4125303209853,True,2.8071452888294526,-0.5129391943720726,1.80420911019803,161255.62442648786,556.9637420129422,w36_ad199stdcorr_ens4,1042.0860536786427
5,1054.364659546968,1024.5723864301672,1053.4125303209853,False,4.156674829670078,-0.6343402901830094,2.4796941606505634,240368.08292898396,556.9484635470569,w36_ad199std_h3,1038.5833202289475
6,1069.511369438083,1024.5723864301672,1055.0999111332837,False,10.354236729429056,-2.0179161907647294,3.97846502758106,1823296.6493720002,556.9385131608353,w38_ad202stdcorr_ens4,1041.3360853796703
7,1070.9914190729558,1024.5723864301672,1055.0999111332837,False,12.681993153271193,-2.2705147087372763,1.792224562680105,46185090.34938208,556.9376654267012,w40_ad211std_h3,1039.261700169801
8,1071.499700082655,1016.9786273546144,1055.0999111332837,False,29.3328336471743,-7.875194786810706,7.653250810274016,62780659.38988748,556.9274481530879,w38_ad202std_h3,1036.4763160679026
9,1062.806561613966,1016.9786273546144,1055.0999111332837,False,64.66988010269415,-16.50361044035512,14.91764331515784,85505567.15906939,556.9014570188464,w36_ad199std,1036.609507992127
10,1069.2973913536298,1016.9786273546144,1055.0999111332837,False,66.44502571159802,-16.832790703114412,15.446258337583236,95256618.98272681,556.8994250567437,w40_ad211std,1036.853147014183
11,1126.638784301772,1016.9786273546144,1055.0999111332837,False,78.47128010266466,-19.699228954446784,18.408359540736,116954494.7475668,556.8961487139064,w38_ad202std,1036.1780788168912
12,1124.3095268777117,1016.9786273546144,1055.0999111332837,False,78.31949110767044,-19.488421790064155,18.233132623881993,127588371.64705648,556.8874163867807,w36_ad197stdcorr,1036.6107443951594
13,1123.1100992028137,1016.9786273546144,1055.0999111332837,False,78.46953330106126,-19.387892195031924,18.171011354642733,138234686.01137906,556.8793027473683,w34_ad195stdcorr,1037.2718499228265
14,1181.677658878003,1016.9786273546144,1055.0999111332837,False,148.86473800776932,-22.374667159206037,22.596910109759182,160628897.0188715,556.8262384421816,w36_ad197std_h3,1036.4350666400292
15,1189.883229226114,1006.7382250917856,1055.0999111332837,False,151.45470861324588,-22.554266968890435,22.73523148982785,172157660.4162072,556.8084427574896,w38_ad202std_hybrid,1034.4552772034797
16,1187.1927612342897,1006.7382250917856,1055.0999111332837,False,153.8612757935549,-22.462472101678607,22.761693032392895,183643801.18933982,556.7851050931514,w36_ad199std_hybrid,1033.3563028122467
17,1186.6441463244587,1006.7382250917856,1055.0999111332837,False,154.37849841229652,-22.58101816047642,22.795548824205937,195144510.66156396,556.7762207340288,w36_ad199std_rescale,1033.6331523851775
18,1192.0804443729298,1006.7382250917856,1055.0999111332837,False,168.11710837021212,-22.74839331653291,26.80484900474982,207724633.10033083,556.7545696608815,w36_ad197std,1033.9280408565146
19,1181.4064421787862,1006.7382250917856,1055.0999111332837,False,182.70864518830294,-25.97568574525303,29.98907442131907,223942563.05431384,556.7517196058631,w34_ad195std_h3,1033.6910247797575
20,1178.311660297845,1006.7382250917856,1061.712473808374,False,184.23159578437281,-25.988608978136426,30.139672790735492,235738901.80103025,556.7467132887549,w29_ad194stdcorr,1035.0920972311883
21,1171.0640202803056,1006.7382250917856,1061.8655837456581,False,180.5630455639247,-25.296248734722024,29.707551454202004,248269203.21618858,556.7088353477506,w27_ad190stdcorr,1036.3670251604487
22,1171.0955946303902,1006.7382250917856,1061.8655837456581,False,180.5645036531125,-25.296651428506365,29.7079201905991,260096114.94911027,556.7088360265753,w23_ad187stdcorr,1036.755756996915
23,1170.4014024650064,1006.7382250917856,1061.8655837456581,False,180.7425947584788,-25.284984379662262,29.77577972271243,271930117.49334025,556.708727089383,w36_ad197std_hybrid,1036.3565623943525
24,1162.3933987996145,1006.7382250917856,1061.8655837456581,False,182.38274508651415,-24.97533488983144,29.850706799287497,283760148.9710505,556.7074674181372,w29_ad194std,1036.8575412783762
25,1159.7737562069992,1006.7382250917856,1061.8655837456581,False,182.33468064811288,-24.95733004659071,29.899724410716328,295670362.3382852,556.7043530418343,w27_ad188std_h3,1036.9243581986786
26,1162.7658016668165,1006.7382250917856,1061.8655837456581,False,182.94038035337957,-25.108236752213386,30.16455379856704,307539915.08118916,556.6913080239186,w27_ad188raw,1037.374380230942
27,1129.2011841093154,1006.7382250917856,1061.8655837456581,False,182.5464016777882,-24.257519143129553,29.062929165963848,322237808.5424085,556.6790049241414,w27_ad190std,1038.177780438276
28,1136.4097869969385,1006.7382250917856,1061.8655837456581,False,187.7039352659107,-24.706126482683167,29.287049622609647,334427004.71105117,556.6601446033142,w34_ad195std_hybrid,1037.4988129025844
29,1136.0175753628498,1006.7382250917856,1061.8655837456581,False,188.15713060153635,-24.687363973767084,29.31225602996389,347455617.4240509,556.660110656427,w27_ad188std,1037.9524521793792
30,1087.637834602388,1006.7382250917856,1061.8655837456581,False,191.31315591616706,-26.124704784591767,30.88045171804797,363293623.3490833,556.636577065863,w23_ad187std_h3,1037.7115350022023
31,1087.2241650739497,1006.7382250917856,1061.8655837456581,False,192.87124523161648,-26.254042382761305,31.09223614155235,375422202.2907795,556.6325315623385,w34_ad196std_hybrid,1037.1684216943197
32,1079.7228592562897,1006.7382250917856,1063.118628792048,False,195.16771078314514,-26.532155916249366,31.303240981705144,387541045.10084635,556.6170872963319,w21_ad187corr,1037.9793656661238
33,892.1745568687868,1006.7382250917856,1063.118628792048,False,232.94763940395873,-24.135197146259276,27.68407048859817,399902624.4998123,555.2956657925337,w38_ad202std_rankraw,1037.835889020097
34,893.9437506420539,1006.7382250917856,1063.118628792048,False,232.55031491324303,-24.36042290177409,27.55349440825301,412721017.1278587,555.2924289999033,w23_ad187std,1038.0202085571184
35,895.1984887739038,1006.7382250917856,1063.118628792048,False,235.18617337877575,-25.096522882511728,27.5161054882808,424896524.9769104,554.8233117431954,w40_ad211std_rankraw,1037.9509978710764
36,899.1768530968674,1006.7382250917856,1076.0669325819983,False,244.87401789431843,-24.643855300312666,27.68267457191132,437043323.50578004,554.7767328866853,w21_ad187corr_ens4,1039.0097738352688
37,899.2423328006162,1006.7382250917856,1076.0669325819983,False,244.52831496810393,-24.597536943673127,27.622001491383145,449412479.4033605,554.7764721585163,w20_ad187_h3,1039.2847811955805
38,851.475596946661,1006.7382250917856,1076.0669325819983,False,252.6428465818738,-23.295847186995292,26.10023708562597,461770248.95263374,554.7156295495128,w22_ad187corr_rankraw,1040.0895107311196
39,811.7568409530646,1006.7382250917856,1076.0669325819983,False,287.4123312440086,-22.790579753089812,25.617617346530906,474107387.20610535,554.2039320545858,w27_ad190std_rescale,1040.3692304993504
40,775.5712741699948,1006.7382250917856,1076.0669325819983,False,304.4069251502583,-23.45808776368847,28.715427818375996,486622122.3805074,553.9967265828041,w27_ad188raw_rescale,1040.6357155444134
41,762.8004797029554,1006.7382250917856,1076.0669325819983,False,298.2174947846053,-23.653055117442367,28.91333791472478,501985322.1401617,553.991229014465,w20_ad187,1041.1594911444777
42,795.399942361528,1006.7382250917856,1076.0669325819983,False,290.613633514767,-24.960949297789544,29.30969131390562,514546834.20495784,553.9151421993573,w29_ad194std_rescale,1041.4204348412152
43,835.5897742603495,1006.7382250917856,1076.0669325819983,False,298.07986618969994,-26.415086206629258,30.32606002004641,527734448.4487056,553.8060564937566,w23_ad187std_h3_hybrid,1040.973517779821
44,704.6291939388933,1006.7382250917856,1076.0669325819983,False,311.99962268944256,-27.642024004967567,30.72219535114329,540047844.2740362,552.8832744997582,w23_ad187std_h3_rescale,1041.0944864864143
45,-3227.8168826387614,1006.7382250917856,1076.0669325819983,False,1262.6054197420074,-167.01845456972924,441.9836442076785,552363105.2250662,529.0044690999808,w23_ad187std_h3_rankraw,1041.252581886049
46,-3235.6119437225598,1006.7382250917856,1076.0669325819983,False,1267.4821203161803,-167.13930200783642,441.3197240973005,572699113.7280207,529.0006170247692,w20_ad187_rankraw,1041.4094828215273
47,-3238.423633183334,1006.7382250917856,1076.0669325819983,False,1269.8479181545488,-166.3925452201685,440.2881819382639,585189287.1116505,528.9515643957147,w20_ad187_rescale,1042.0635986584477
48,-4371.559278264875,1006.7382250917856,1076.0669325819983,False,1480.2666299533175,-123.91464229806442,335.8686849219471,598925661.3592956,517.0592155088945,w20_ad187_hybrid,1042.2842119127488
49,-4379.0795577257595,1006.7382250917856,1076.0669325819983,False,1480.5491622130214,-123.9161721605451,335.824675615567,611419170.9936408,517.0521866528582,w16n_finegrid,1041.7131774845188
50,-4421.234351088387,1006.7382250917856,1076.0669325819983,False,1483.7170520604227,-124.00409985854795,334.8822945326541,740065851.6420944,517.0416859789996,w16i_schemeavg,1041.165588794719
51,-4424.300568542941,1006.7382250917856,1076.0669325819983,False,1487.1142535076515,-124.12421086534714,333.2578853632893,757155642.4799689,517.0283566526796,w16e_aonly,1040.8597838680114
52,-4442.195531191831,1006.7382250917856,1076.0669325819983,False,1489.5192045396752,-124.58568740634279,329.72818134633064,772020508.9286973,516.9127678307873,w16q_ens4avg,1040.621766460771
53,-4455.760601348112,1006.7382250917856,1076.0669325819983,False,1488.6043936345054,-124.62151574986198,329.2717086802307,800624268.6826116,516.9106717239316,w16t_cellens4,1040.3954564666642
54,-4451.879976966595,1000.5395947928487,1076.0669325819983,False,1487.6736403037153,-124.53143187342928,329.56748073527007,815827594.2359669,516.9056948885404,blendtop3,1039.657384954186
55,-4453.566137857182,1000.5395947928487,1076.0669325819983,False,1490.1354034674278,-124.52742616427452,329.616587290017,831517662.2637205,516.9026503119748,blend159av_wh3,1038.9498521063058
56,-4416.075169428043,1000.5395947928487,1076.0669325819983,False,1514.8003586482678,-124.67083358138467,325.8839379184498,847468866.646561,516.8087386104137,blend159av_h3,1038.2691026353054
57,-4414.384571074246,1000.5395947928487,1076.0669325819983,False,1519.4358714670623,-124.68185634923188,325.71636518759436,862753368.2123232,516.8038518838088,w16h_h3av6,1037.6200129167655
58,-4420.0034275578255,1000.5395947928487,1076.0669325819983,False,1516.6682454004685,-124.65165151015476,325.66033391597324,877947699.7905567,516.7908493954556,blend160origm_h3,1036.9945819894433
59,-4464.957488916748,1000.5395947928487,1076.0669325819983,False,1624.1819505663836,-124.46285462965335,325.01395770891526,1750760813.7310245,516.7160462681416,blend158_h3,1036.3960478259426
60,-4465.065622059745,1000.5395947928487,1076.0669325819983,False,1624.275833356144,-124.46335488364004,325.0112673183924,1780495685.8321612,516.7160403650042,blend159av_w,1035.819806553264
61,-4465.115339036602,1000.5395947928487,1076.0669325819983,False,1624.1739208553663,-124.3510017114802,324.99543885293724,1810309601.7775178,516.7095108712863,w14a_repro159av_h3,1035.2784906364525
62,-4465.369728937406,1000.5395947928487,1076.0669325819983,False,1624.6056069089839,-124.358476383616,324.95625491270135,1841023530.4717216,516.7092068478439,blend159_h3,1034.758893865003
63,-4465.034948727833,1000.5395947928487,1076.0669325819983,False,1626.339440544976,-124.38955646365025,324.74229871014086,1872708775.6018934,516.7070182469023,blend156w,1034.2602241959223
64,-4466.799354789371,1000.5395947928487,1076.0669325819983,False,1641.585272577592,-124.34607960977817,324.7199091105146,1902522757.7157767,516.6895216207269,blend156w2,1033.7801283626416
65,-4471.5905202011,1000.5395947928487,1076.0669325819983,False,1665.5976739195912,-124.41825006222828,324.2949166145541,1955069696.412753,516.629782325597,blend160orig_h3,1033.3168783437852
66,-4522.193388190427,1000.5395947928487,1076.0669325819983,False,1739.085661791031,-124.15744551133389,324.0948878516068,2593780028.9933167,516.5649375411026,blend156_h3,1032.8708886034506
67,-4522.2128488832395,1000.5395947928487,1076.0669325819983,False,1739.0368741080274,-124.15619404433343,324.073576142113,2633152912.358075,516.5645793251336,w16l_maskw_h3,1032.4438572242648
68,-4521.962260347364,1000.5395947928487,1076.0669325819983,False,1742.4539254442786,-124.11599917411368,324.8852572000263,2674275835.789114,516.5541728514647,blend159av,1032.1891429572952
69,-4523.796334146075,1000.5395947928487,1076.0669325819983,False,1740.9426173565887,-124.10279893422444,324.82738364868186,2713670265.5928326,516.5419126860634,blend160origm,1031.9509750533268
70,-4523.730987046722,1000.5395947928487,1076.0669325819983,False,1741.2606032066317,-124.10665952450766,324.8121201802181,2753161966.217891,516.5413853674164,w14a_repro159av,1031.7285835621826
71,-4524.889790406879,1000.5395947928487,1076.0669325819983,False,1740.9189938514562,-124.10992345036321,324.8104136580762,2792942103.0573444,516.53995257311,blend159,1031.5158158743368
72,-4531.84500850707,1000.5395947928487,1076.0669325819983,False,1740.1801479981887,-124.10917584528653,324.7219677920267,2832636377.582979,516.5302028251959,blend158,1031.3110592730288
73,-4535.054431587198,1000.5395947928487,1076.0669325819983,False,1744.2434166858766,-124.07141191150674,324.70828310996114,2872161525.9302187,516.5187317935469,blend160orig,1031.1245021029708
74,-4534.700076364548,1000.5395947928487,1076.0669325819983,False,1745.0613040488358,-124.0791324288909,324.67212662476106,2911622668.932766,516.5180719517726,blend156,1030.9524861623486
75,-6701.5749130405,1000.5395947928487,1120.0638113099126,False,2046.0934759438721,-122.37262755569077,267.57437651364853,2951015660.2010255,509.8375330123746,w29_ad194std_logit,1032.140637164316
76,-6183.118610890741,1000.5395947928487,1120.4952522074764,False,2090.5313197224586,-104.8598600164043,259.0532282700134,2990412699.0717688,508.9103068457206,w27_ad190std_logit,1033.3031978885683
77,-6229.322993862829,1000.5395947928487,1121.2670637066324,False,2068.77456632645,-102.73792811607113,254.55102661595345,3029845667.331434,508.2748711347471,w27_ad188raw_logit,1034.4455857563353
78,-6232.018079422315,1000.5395947928487,1121.2670637066324,False,2067.3484095385234,-102.73201706869757,254.36669052831104,3069302408.6646047,508.2620496640798,blend158_rankraw,1034.0498741147678
79,-6239.8364279991565,1000.5395947928487,1121.2670637066324,False,2067.8602022618497,-102.5737064388463,254.04046453143312,3108889884.955684,508.25192279126156,blend156_rankraw,1033.6685033662473
80,-6238.6893279856595,1000.5395947928487,1121.2670637066324,False,2068.1009563263574,-102.56187063134797,254.06459180015796,3148314928.69256,508.25077307028755,blend153,1033.3185399067995
81,-6250.277707969246,986.1393473854507,1121.2670637066324,False,2068.723132731034,-102.55338665629954,253.94992039339076,3187804247.784571,508.2483243823572,blend159av_rankraw,1032.7360807398693
82,-6250.2214459273255,986.1393473854507,1121.2670637066324,False,2068.8523640824515,-102.54904437030771,253.95259478304462,3227238774.4477425,508.24827568969994,blend150sx,1032.4216395885803
83,-6250.229617121248,986.1393473854507,1121.2670637066324,False,2068.868554086837,-102.54919536699742,253.95288637153126,3266760140.25302,508.2482762537864,blend150fx,1032.1280853060425
84,-6043.659109940983,986.1393473854507,1121.2670637066324,False,1744.7802231039907,-85.80907246847806,215.98220166639143,3306265674.8131456,504.4759862092589,w23_ad187std_logit,1033.057447749134
85,-5978.335569356772,986.1393473854507,1121.2670637066324,False,1739.1143006091434,-86.53760171344373,215.2492050169954,3345868017.432739,504.3383169807378,blend159av_hybrid,1032.5606242528188
86,-4081.9858685643935,986.1393473854507,1121.2670637066324,False,1841.2043422860752,-87.23895148116505,243.20439622296976,3387815294.994932,498.1753732220915,blend159av_rescale,1032.4300328735465
87,-4127.362536489396,986.1393473854507,1121.2670637066324,False,1846.0590800542361,-87.2523455044631,240.41565298682113,3427407918.982208,498.11822580826583,blend158_hybrid,1032.076431064592
88,-5049.5477345676945,986.1393473854507,1121.2670637066324,False,1942.9741347657714,-62.29686885802982,165.5543493938221,3473894205.693632,497.0154614273323,blend158_rescale,1031.969051062566
89,-5048.625458134346,986.1393473854507,1121.2670637066324,False,1943.2724811860905,-62.308116253177985,165.49232900650827,3513443805.7321033,497.0143379761275,w14a_repro159av_rescale,1031.8663194539834
90,-5049.070350982093,986.1393473854507,1121.2670637066324,False,1943.015106454689,-62.30530329043672,165.4977106800996,3553106506.2883606,497.0141904744088,blend160origm_rescale,1031.7677066887493
91,-5045.92181267909,986.1393473854507,1121.2670637066324,False,1948.8736128994904,-62.27525646510207,165.79513201689394,3592660577.324525,497.0090167979479,blend159_rescale,1031.6835323683165
92,-5045.959099679453,986.1393473854507,1121.2670637066324,False,1950.3832971024403,-62.24227227070506,165.54107528299093,3632216053.396381,497.00553862259744,blend156_rescale,1031.6096373004746
93,-5145.3725193179325,986.1393473854507,1135.2001796430811,False,1838.506483505649,-68.81565906000932,158.33217977890226,3671791459.146361,496.41022179357304,w20_ad187_logit,1032.7235140998575
94,-5139.3275065373455,986.1393473854507,1135.2001796430811,False,1837.8072068175609,-68.81502106746258,158.3508036078928,3711371248.792029,496.40712880108373,stack_pub151_fixed_rankraw,1032.433881795583
95,-5144.836972238382,965.705448018106,1135.2001796430811,False,1838.6890476901717,-68.79347560592151,158.6647129514855,3750935793.281724,496.40297536509803,stack_pub151_hybrid,1031.7314772295042
96,-5147.693701149859,965.705448018106,1135.2001796430811,False,1838.6011674264978,-68.80356241588979,158.66488982615624,3790493737.7180443,496.4015735753232,blend150fx_rankraw,1031.358526097996
97,-5150.9745182228635,965.705448018106,1135.2001796430811,False,1840.2485216642779,-68.74894678282956,158.7509977578822,3830075279.6701207,496.39126114511083,blend160orig_rescale,1031.3099983741445
98,-5146.696750105705,965.705448018106,1135.2001796430811,False,1839.7227794075181,-68.65901493123505,158.40111261658055,3869639105.9817533,496.3794876000366,stack_pub151_rankraw,1030.9592245516021
99,-5146.301507739128,965.705448018106,1135.2001796430811,False,1840.0358584661385,-68.66064590659455,158.40119575277438,3909585928.1987233,496.3791673604293,blend150sx_rankraw,1030.6277490022112
100,-5147.109958243475,965.705448018106,1135.2001796430811,False,1841.0924599488771,-68.66348376501466,158.39914852424363,3949190893.061581,496.37404650946524,stack_pub149_hybrid,1030.0383703457007
101,-5180.8209570022855,965.705448018106,1135.2001796430811,False,1843.9294058353908,-68.58178410321649,155.76641657310705,3988793617.425204,496.3013518991892,blend150sx_hybrid,1029.6806486891244
102,-5149.34774798211,965.705448018106,1135.2001796430811,False,1836.404285068067,-68.37617212562023,155.96470726944838,4028374569.7110453,496.26092715782175,blend150fx_hybrid,1029.152050801736
103,-5103.704863860419,965.705448018106,1135.2001796430811,False,1855.7103408021871,-68.34242867710267,154.4002054345272,4067956219.3841314,496.1753824673462,blend150fx_rescale,1028.9414786780785
104,-5105.803234316867,965.705448018106,1135.2001796430811,False,1849.2836941558946,-67.49363500451241,152.9318782849808,4107656717.9518285,496.13016502364434,w14a_repro159av_logit,1029.577909023021
105,-5006.053174944474,965.705448018106,1135.2001796430811,False,1842.441329218123,-66.69402169948677,147.30680597189948,4150065382.7725167,496.0514412756507,blend159av_logit,1030.2032192004547
106,-4997.696328507703,965.705448018106,1135.2001796430811,False,1853.4878813184325,-66.72106426243388,146.72371766494666,4196732475.289661,496.04936029986925,blend159_logit,1030.8176961665044
107,-5158.557081725143,965.705448018106,1135.2001796430811,False,1948.3530431419363,-66.14737237527034,136.55181998690935,4237122583.022399,495.8899224937848,blend158_logit,1031.4512702924374
108,-5168.209034782296,965.705448018106,1135.2001796430811,False,1960.5780810589417,-65.86395972787462,136.454899108118,4277059156.524763,495.73813200692507,blend150sx_logit,1031.9435437534253
109,-4581.856445943379,965.705448018106,1135.2001796430811,False,2002.7705203491073,-62.108589149954526,127.05314848756564,4317071659.402292,494.7162385170163,blend150fx_logit,1032.385923609555
110,-4590.1572284141275,965.705448018106,1135.2001796430811,False,1999.4860051091534,-62.080171634564685,126.84111411738473,4356938251.118937,494.6844163756013,stack_pub86_hybrid,1033.2024118033912
111,-4597.037955548157,965.705448018106,1150.0534827965093,False,1999.5819219377233,-62.102230083834,127.03530235810288,4396879463.923935,494.67356429602455,stack_pub88_mine_logit,1034.2551241546805
112,-4598.337400200919,965.705448018106,1168.6484368040874,False,2001.1253824077296,-62.12692476292831,127.08434740537135,4436922815.987883,494.65990046202967,stack_pub74_logit,1035.455064446193
