order,file,member,role,oof_auc,n_distinct,md5,es_mechanism,offset_line,pred_H0,pred_H1,pred_lb,sep_steps
1,w85_cal_bolt_lgb_raw_d4.csv,bolt_lgb_raw_d4,FILLER,0.9593968613983944,227599,cfa1c34281f31884ad14999a53184011,"n/a -- w85 slot filler, see w85a",0.0014299,0.9608267613983944,0.9608267613983944,0.9608267613983944,
2,w85_cal_bolt_cat_unique.csv,bolt_cat_unique,FILLER,0.959294867406197,235781,4fc9cbcf425ff297dc8510ae9fbdd06e,"n/a -- w85 slot filler, see w85a",0.0014299,0.9607247674061969,0.9607247674061969,0.9607247674061969,
3,w85_cal_ad_logregte.csv,ad_logregte,FILLER,0.958909552651975,296302,e405d5ef66e5d4e0d22bc76dcc0156b9,"n/a -- w85 slot filler, see w85a",0.0014299,0.960339452651975,0.960339452651975,0.960339452651975,
4,w85_cal_lat_encdrop_r400.csv,lat_encdrop_r400,FILLER,0.952228882321988,296300,c21a8c3c1bfddeca7d3758b08fd939e5,"n/a -- w85 slot filler, see w85a",0.0014299,0.953658782321988,0.953658782321988,0.953658782321988,
5,w85_cal_lat_tedrop_r400.csv,lat_tedrop_r400,FILLER,0.9496361970778028,296300,b9297ebece5f0f220d935f1c22fc47f3,"n/a -- w85 slot filler, see w85a",0.0014299,0.9510660970778028,0.9510660970778028,0.9510660970778028,
6,w85_cal_bolt_extratrees_support.csv,bolt_extratrees_support,FILLER,0.943218712307312,227400,ede074ab7edc9ba289b29589d79aa5fb,"n/a -- w85 slot filler, see w85a",0.0014299,0.944648612307312,0.944648612307312,0.944648612307312,
7,w85_cal_golem_g.csv,golem_g,FILLER,0.9421627233653164,284183,4b8436d0cfdfdd91dec33da5349982a3,"n/a -- w85 slot filler, see w85a",0.0014299,0.9435926233653164,0.9435926233653164,0.9435926233653164,
8,w85_cal_ad_gnn_note.csv,ad_gnn_note,FILLER,0.9420903597006162,275241,0937b48d554e0c4b783d22cc19b0c707,"n/a -- w85 slot filler, see w85a",0.0014299,0.9435202597006161,0.9435202597006161,0.9435202597006161,
9,w85_cal_mkt_mlp.csv,mkt_mlp,FILLER,0.9414220911448384,240211,4dd8ca84766d85b44ccf28a3c6171b76,"n/a -- w85 slot filler, see w85a",0.0014299,0.9428519911448384,0.9428519911448384,0.9428519911448384,
10,w85_cal_golem_b.csv,golem_b,FILLER,0.9408108374811008,248118,1b8fc6ea21c384cbc81ea620479feeed,"n/a -- w85 slot filler, see w85a",0.0014299,0.9422407374811008,0.9422407374811008,0.9422407374811008,
11,w85_cal_mkt_nn.csv,mkt_nn,FILLER,0.9404005560439396,247604,15c23929bb48522f9673803d8b2073bf,"n/a -- w85 slot filler, see w85a",0.0014299,0.9418304560439396,0.9418304560439396,0.9418304560439396,
12,w85_cal_bolt_tabm_missing.csv,bolt_tabm_missing,FILLER,0.9402158529242,224003,d2a1369ecb4fca57a7b806a9c0b47ee3,"n/a -- w85 slot filler, see w85a",0.0014299,0.9416457529241999,0.9416457529241999,0.9416457529241999,
13,w85_cal_bolt_fttransformer.csv,bolt_fttransformer,FILLER,0.9401086552644882,29562,dc447271de7e82750e50457d50564d62,"n/a -- w85 slot filler, see w85a",0.0014299,0.9415385552644882,0.9415385552644882,0.9415385552644882,
14,w85_cal_bolt_tabm_rank1.csv,bolt_tabm_rank1,FILLER,0.9395176977988372,226723,914a8a5871b70a079d051ed7fc857ad6,"n/a -- w85 slot filler, see w85a",0.0014299,0.9409475977988372,0.9409475977988372,0.9409475977988372,
15,w85_cal_bolt_neural_5fold.csv,bolt_neural_5fold,FILLER,0.9392280954698594,223668,785be79274e0f57bb9cc8410ea954ac6,"n/a -- w85 slot filler, see w85a",0.0014299,0.9406579954698594,0.9406579954698594,0.9406579954698594,
16,w85_cal_bolt_gandalf_gflu.csv,bolt_gandalf_gflu,FILLER,0.9387141174821514,82463,bad6a7d7357a19b92044bfc1a762456e,"n/a -- w85 slot filler, see w85a",0.0014299,0.9401440174821514,0.9401440174821514,0.9401440174821514,
17,w85_cal_bolt_dcnv2_cross.csv,bolt_dcnv2_cross,FILLER,0.9384981380967444,78086,b9053dcc64f7a2776a47f2789a6dd64b,"n/a -- w85 slot filler, see w85a",0.0014299,0.9399280380967444,0.9399280380967444,0.9399280380967444,
18,w85_cal_bolt_tabr_retrieval.csv,bolt_tabr_retrieval,FILLER,0.9379939881756828,221453,b46b36608b2406960f636b3e906c4e21,"n/a -- w85 slot filler, see w85a",0.0014299,0.9394238881756828,0.9394238881756828,0.9394238881756828,
19,w85_cal_poly2_raw.csv,poly2_raw,FILLER,0.9350568552000954,296170,d7bf997134e82361b36d072e56e18e7e,"n/a -- w85 slot filler, see w85a",0.0014299,0.9364867552000954,0.9364867552000954,0.9364867552000954,
20,w85_cal_golem_c.csv,golem_c,FILLER,0.9343839705672056,296302,1589f827ea735a7c808446529a4f1123,"n/a -- w85 slot filler, see w85a",0.0014299,0.9358138705672056,0.9358138705672056,0.9358138705672056,
21,w85_cal_rff_raw.csv,rff_raw,FILLER,0.933708191403966,296148,5f944390aa6bbdc0683db16e545cdd5c,"n/a -- w85 slot filler, see w85a",0.0014299,0.935138091403966,0.935138091403966,0.935138091403966,
22,w85_cal_qda_lat.csv,qda_lat,FILLER,0.9311799826253344,295874,6d1d71c1a8680f1d4bef22bd17f4471f,"n/a -- w85 slot filler, see w85a",0.0014299,0.9326098826253344,0.9326098826253344,0.9326098826253344,
23,w85_cal_gnb_raw.csv,gnb_raw,FILLER,0.8963409462560683,296070,f91208165a3debb138fb793da4bce330,"n/a -- w85 slot filler, see w85a",0.0014299,0.8977708462560683,0.8977708462560683,0.8977708462560683,
24,w85_cal_qda_raw.csv,qda_raw,FILLER,0.8944594378042836,296104,41239abcaf298bc641c2ae423281f3e3,"n/a -- w85 slot filler, see w85a",0.0014299,0.8958893378042836,0.8958893378042836,0.8958893378042836,
25,w85_cal_gmm_raw.csv,gmm_raw,FILLER,0.8215688790326772,296108,1df8866d60b5d1523c3d1bac6f6d448e,"n/a -- w85 slot filler, see w85a",0.0014299,0.8229987790326772,0.8229987790326772,0.8229987790326772,
